Copyright 1986-2022 Xilinx, Inc. All Rights Reserved. Copyright 2022-2024 Advanced Micro Devices, Inc. All Rights Reserved.
-------------------------------------------------------------------------------------------------------------------------------------------------
| Tool Version     : Vivado v.2024.2 (win64) Build 5239630 Fri Nov 08 22:35:27 MST 2024
| Date             : Sat Sep 26 20:54:17 2026
| Host             : thanhtruong running 64-bit major release  (build 9200)
| Command          : report_power -advisory -file F:/RISSP_cORE/Experiment_D/power/RV32I_POSTROUTE_power_saif.rpt
| Design           : design_1_wrapper
| Device           : xc7z020clg484-2
| Design State     : routed
| Grade            : extended
| Process          : typical
| Characterization : Production
-------------------------------------------------------------------------------------------------------------------------------------------------

Power Report

Table of Contents
-----------------
1. Summary
1.1 On-Chip Components
1.2 Power Supply Summary
1.3 Confidence Level
2. Settings
2.1 Environment
2.2 Clock Constraints
3. Detailed Reports
3.1 By Hierarchy
4. Advisory

1. Summary
----------

+--------------------------+-------------------------------------------------------------------+
| Total On-Chip Power (W)  | 0.238                                                             |
| Design Power Budget (W)  | Unspecified*                                                      |
| Power Budget Margin (W)  | NA                                                                |
| Dynamic (W)              | 0.130                                                             |
| Device Static (W)        | 0.108                                                             |
| Effective TJA (C/W)      | 11.5                                                              |
| Max Ambient (C)          | 97.3                                                              |
| Junction Temperature (C) | 27.7                                                              |
| Confidence Level         | High                                                              |
| Setting File             | ---                                                               |
| Simulation Activity File | F:\RISSP_cORE\Experiment_D\activity\RV32I_CTR_4KiB_postroute.saif |
| Design Nets Matched      | 35%   (8346/23580)                                                |
+--------------------------+-------------------------------------------------------------------+
* Specify Design Power Budget using, set_operating_conditions -design_power_budget <value in Watts>


1.1 On-Chip Components
----------------------

+--------------------------+-----------+----------+-----------+-----------------+
| On-Chip                  | Power (W) | Used     | Available | Utilization (%) |
+--------------------------+-----------+----------+-----------+-----------------+
| Clocks                   |     0.014 |        6 |       --- |             --- |
| Slice Logic              |     0.002 |    23212 |       --- |             --- |
|   LUT as Logic           |     0.002 |     9344 |     53200 |           17.56 |
|   Register               |    <0.001 |     8459 |    106400 |            7.95 |
|   CARRY4                 |    <0.001 |      251 |     13300 |            1.89 |
|   F7/F8 Muxes            |    <0.001 |     1727 |     53200 |            3.25 |
|   LUT as Shift Register  |    <0.001 |      625 |     17400 |            3.59 |
|   Others                 |     0.000 |      853 |       --- |             --- |
|   LUT as Distributed RAM |     0.000 |       24 |     17400 |            0.14 |
| Signals                  |     0.003 |    15555 |       --- |             --- |
| Block RAM                |     0.005 |     12.5 |       140 |            8.93 |
| MMCM                     |     0.106 |        1 |         4 |           25.00 |
| I/O                      |    <0.001 |        4 |       200 |            2.00 |
| Static Power             |     0.108 |          |           |                 |
| Total                    |     0.238 |          |           |                 |
+--------------------------+-----------+----------+-----------+-----------------+


1.2 Power Supply Summary
------------------------

+-----------+-------------+-----------+-------------+------------+-------------+-------------+------------+
| Source    | Voltage (V) | Total (A) | Dynamic (A) | Static (A) | Powerup (A) | Budget (A)  | Margin (A) |
+-----------+-------------+-----------+-------------+------------+-------------+-------------+------------+
| Vccint    |       1.000 |     0.032 |       0.024 |      0.008 |       NA    | Unspecified | NA         |
| Vccaux    |       1.800 |     0.069 |       0.059 |      0.011 |       NA    | Unspecified | NA         |
| Vcco33    |       3.300 |     0.001 |       0.000 |      0.001 |       NA    | Unspecified | NA         |
| Vcco25    |       2.500 |     0.000 |       0.000 |      0.000 |       NA    | Unspecified | NA         |
| Vcco18    |       1.800 |     0.000 |       0.000 |      0.000 |       NA    | Unspecified | NA         |
| Vcco15    |       1.500 |     0.000 |       0.000 |      0.000 |       NA    | Unspecified | NA         |
| Vcco135   |       1.350 |     0.000 |       0.000 |      0.000 |       NA    | Unspecified | NA         |
| Vcco12    |       1.200 |     0.000 |       0.000 |      0.000 |       NA    | Unspecified | NA         |
| Vccaux_io |       1.800 |     0.000 |       0.000 |      0.000 |       NA    | Unspecified | NA         |
| Vccbram   |       1.000 |     0.001 |       0.000 |      0.001 |       NA    | Unspecified | NA         |
| MGTAVcc   |       1.000 |     0.000 |       0.000 |      0.000 |       NA    | Unspecified | NA         |
| MGTAVtt   |       1.200 |     0.000 |       0.000 |      0.000 |       NA    | Unspecified | NA         |
| MGTVccaux |       1.800 |     0.000 |       0.000 |      0.000 |       NA    | Unspecified | NA         |
| Vccpint   |       1.000 |     0.017 |       0.000 |      0.017 |       NA    | Unspecified | NA         |
| Vccpaux   |       1.800 |     0.010 |       0.000 |      0.010 |       NA    | Unspecified | NA         |
| Vccpll    |       1.800 |     0.003 |       0.000 |      0.003 |       NA    | Unspecified | NA         |
| Vcco_ddr  |       1.500 |     0.000 |       0.000 |      0.000 |       NA    | Unspecified | NA         |
| Vcco_mio0 |       1.800 |     0.000 |       0.000 |      0.000 |       NA    | Unspecified | NA         |
| Vcco_mio1 |       1.800 |     0.000 |       0.000 |      0.000 |       NA    | Unspecified | NA         |
| Vccadc    |       1.800 |     0.020 |       0.000 |      0.020 |       NA    | Unspecified | NA         |
+-----------+-------------+-----------+-------------+------------+-------------+-------------+------------+


1.3 Confidence Level
--------------------

+-----------------------------+------------+------------------------------------------------+--------+
| User Input Data             | Confidence | Details                                        | Action |
+-----------------------------+------------+------------------------------------------------+--------+
| Design implementation state | High       | Design is routed                               |        |
| Clock nodes activity        | High       | User specified more than 95% of clocks         |        |
| I/O nodes activity          | High       | User specified more than 95% of inputs         |        |
| Internal nodes activity     | High       | User specified more than 25% of internal nodes |        |
| Device models               | High       | Device models are Production                   |        |
|                             |            |                                                |        |
| Overall confidence level    | High       |                                                |        |
+-----------------------------+------------+------------------------------------------------+--------+


2. Settings
-----------

2.1 Environment
---------------

+-----------------------+------------------------+
| Ambient Temp (C)      | 25.0                   |
| ThetaJA (C/W)         | 11.5                   |
| Airflow (LFM)         | 250                    |
| Heat Sink             | none                   |
| ThetaSA (C/W)         | 0.0                    |
| Board Selection       | medium (10"x10")       |
| # of Board Layers     | 8to11 (8 to 11 Layers) |
| Board Temperature (C) | 25.0                   |
+-----------------------+------------------------+


2.2 Clock Constraints
---------------------

+--------------------------------------------------------------------------------------------+-------------------------------------------------------------------+-----------------+
| Clock                                                                                      | Domain                                                            | Constraint (ns) |
+--------------------------------------------------------------------------------------------+-------------------------------------------------------------------+-----------------+
| clk_in1_0                                                                                  | clk_in1_0                                                         |            10.0 |
| clk_out1_design_1_clk_wiz_0_0                                                              | design_1_i/clk_wiz_0/inst/clk_out1_design_1_clk_wiz_0_0           |            25.0 |
| clkfbout_design_1_clk_wiz_0_0                                                              | design_1_i/clk_wiz_0/inst/clkfbout_design_1_clk_wiz_0_0           |            10.0 |
| dbg_hub/inst/BSCANID.u_xsdbm_id/SWITCH_N_EXT_BSCAN.bscan_inst/SERIES7_BSCAN.bscan_inst/TCK | dbg_hub/inst/BSCANID.u_xsdbm_id/SWITCH_N_EXT_BSCAN.bscan_inst/TCK |            33.0 |
+--------------------------------------------------------------------------------------------+-------------------------------------------------------------------+-----------------+


3. Detailed Reports
-------------------

3.1 By Hierarchy
----------------

+--------------------------+-----------+
| Name                     | Power (W) |
+--------------------------+-----------+
| design_1_wrapper         |     0.130 |
|   dbg_hub                |     0.001 |
|     inst                 |     0.001 |
|       BSCANID.u_xsdbm_id |     0.001 |
|   design_1_i             |     0.128 |
|     AES_hardware_final_0 |     0.003 |
|       inst               |     0.003 |
|     clk_wiz_0            |     0.106 |
|       inst               |     0.106 |
|     rv32i_pure_0         |     0.004 |
|       inst               |     0.004 |
|     system_ila_0         |     0.014 |
|       inst               |     0.014 |
+--------------------------+-----------+


4. Advisory
-----------

+------------------+----------------------------------+--------+--------------------+-------------+--------------------+-----------------+----------------------------------------------------------------------------------------------------------------------------------------------------------------------------------------------------------------------------------------------------------+
| Confidence Level | Status                           | Fanout | Signal Type        | Polarity    | Static Probability | Toggle Rate (%) | Net                                                                                                                                                                                                                                                      |
+------------------+----------------------------------+--------+--------------------+-------------+--------------------+-----------------+----------------------------------------------------------------------------------------------------------------------------------------------------------------------------------------------------------------------------------------------------------+
| Low              |                                  |    128 |                    | Active High |               0.01 |             1.2 | design_1_i/AES_hardware_final_0/inst/aes_inst/aes_core_inst/FSM_onehot_state_reg_n_0_[2]                                                                                                                                                                 |
| Low              |                                  |    128 |                    | Active High |               0.01 |             1.2 | design_1_i/AES_hardware_final_0/inst/aes_inst/aes_core_inst/done_tick                                                                                                                                                                                    |
| Low              |                                  |     37 |                    | Active High |               0.00 |             0.8 | design_1_i/axi_uartlite_0/U0/UARTLITE_CORE_I/BAUD_RATE_I/en_16x_Baud                                                                                                                                                                                     |
| Low              |                                  |     33 |                    | Active High |               0.00 |             0.0 | design_1_i/system_ila_0/inst/ila_lib/inst/ila_core_inst/u_ila_regs/U_XSDB_SLAVE/s_den_o                                                                                                                                                                  |
| Low              |                                  |     32 |                    | Active High |               0.03 |             5.3 | design_1_i/AES_hardware_final_0/inst/aes_inst/data_in_reg[127]_i_1_n_0                                                                                                                                                                                   |
| Low              |                                  |     32 |                    | Active High |               0.00 |             0.1 | design_1_i/AES_hardware_final_0/inst/aes_inst/data_in_reg[31]_i_1_n_0                                                                                                                                                                                    |
| Low              |                                  |     32 |                    | Active High |               0.00 |             0.0 | design_1_i/AES_hardware_final_0/inst/aes_inst/data_in_reg[63]_i_1_n_0                                                                                                                                                                                    |
| Low              |                                  |     32 |                    | Active High |               0.00 |             0.1 | design_1_i/AES_hardware_final_0/inst/aes_inst/data_in_reg[95]_i_1_n_0                                                                                                                                                                                    |
| Low              |                                  |     32 |                    | Active High |               0.01 |             1.2 | design_1_i/AES_hardware_final_0/inst/aes_inst/iv_reg[127]_i_1_n_0                                                                                                                                                                                        |
| Low              |                                  |     32 |                    | Active High |               0.01 |             1.2 | design_1_i/AES_hardware_final_0/inst/aes_inst/iv_reg[31]_i_1_n_0                                                                                                                                                                                         |
| Low              |                                  |     32 |                    | Active High |               0.01 |             1.2 | design_1_i/AES_hardware_final_0/inst/aes_inst/iv_reg[63]_i_1_n_0                                                                                                                                                                                         |
| Low              |                                  |     32 |                    | Active High |               0.01 |             1.2 | design_1_i/AES_hardware_final_0/inst/aes_inst/iv_reg[95]_i_1_n_0                                                                                                                                                                                         |
| Low              |                                  |     32 |                    | Active High |               0.00 |             0.1 | design_1_i/AES_hardware_final_0/inst/aes_inst/key_reg[127]_i_1_n_0                                                                                                                                                                                       |
| Low              |                                  |     32 |                    | Active High |               0.00 |             0.0 | design_1_i/AES_hardware_final_0/inst/aes_inst/key_reg[31]_i_1_n_0                                                                                                                                                                                        |
| Low              |                                  |     32 |                    | Active High |               0.00 |             0.0 | design_1_i/AES_hardware_final_0/inst/aes_inst/key_reg[63]_i_1_n_0                                                                                                                                                                                        |
| Low              |                                  |     32 |                    | Active High |               0.00 |             0.0 | design_1_i/AES_hardware_final_0/inst/aes_inst/key_reg[95]_i_1_n_0                                                                                                                                                                                        |
| Low              |                                  |     32 |                    | Active High |               0.03 |             5.5 | design_1_i/AES_hardware_final_0/inst/wdata_reg[31]_i_1_n_0                                                                                                                                                                                               |
| Low              |                                  |     32 |                    | Active High |               0.00 |             0.0 | design_1_i/axi_bram_ctrl_0/U0/gext_inst.abcv4_0_ext_inst/GEN_AXI4.I_FULL_AXI/I_RD_CHNL/GEN_NO_RD_CMD_OPT.GEN_RDATA_NO_ECC.GEN_RDATA_NO_RL_NO_ECC.GEN_RDATA[31].axi_rdata_int[31]_i_2_n_0                                                                 |
| Low              |                                  |     32 |                    | Active High |               0.00 |             0.0 | design_1_i/axi_bram_ctrl_0/U0/gext_inst.abcv4_0_ext_inst/GEN_AXI4.I_FULL_AXI/I_RD_CHNL/rd_skid_buf_ld                                                                                                                                                    |
| Low              |                                  |     32 |                    | Active High |               0.02 |             4.7 | design_1_i/axi_bram_ctrl_0/U0/gext_inst.abcv4_0_ext_inst/GEN_AXI4.I_FULL_AXI/I_WR_CHNL/wrdata_reg_ld                                                                                                                                                     |
| Low              |                                  |     32 |                    | Active High |               0.02 |             4.7 | design_1_i/rv32i_pure_0/inst/rv32i_ultra_master_lite_v1_0_M00_AXI_inst/cpu_core_inst/FSM_sequential_state_reg[0][0]                                                                                                                                      |
| Low              |                                  |     32 |                    | Active High |               0.00 |             0.3 | design_1_i/rv32i_pure_0/inst/rv32i_ultra_master_lite_v1_0_M00_AXI_inst/cpu_core_inst/RF0/in_registers[10][31]_i_1_n_0                                                                                                                                    |
| Low              |                                  |     32 |                    | Active High |               0.00 |             0.1 | design_1_i/rv32i_pure_0/inst/rv32i_ultra_master_lite_v1_0_M00_AXI_inst/cpu_core_inst/RF0/in_registers[11][31]_i_1_n_0                                                                                                                                    |
| Low              |                                  |     32 |                    | Active High |               0.02 |             2.1 | design_1_i/rv32i_pure_0/inst/rv32i_ultra_master_lite_v1_0_M00_AXI_inst/cpu_core_inst/RF0/in_registers[12][31]_i_1_n_0                                                                                                                                    |
| Low              |                                  |     32 |                    | Active High |               0.01 |             1.1 | design_1_i/rv32i_pure_0/inst/rv32i_ultra_master_lite_v1_0_M00_AXI_inst/cpu_core_inst/RF0/in_registers[13][31]_i_1_n_0                                                                                                                                    |
| Low              |                                  |     32 |                    | Active High |               0.00 |             0.2 | design_1_i/rv32i_pure_0/inst/rv32i_ultra_master_lite_v1_0_M00_AXI_inst/cpu_core_inst/RF0/in_registers[14][31]_i_1_n_0                                                                                                                                    |
| Low              |                                  |     32 |                    | Active High |               0.00 |             0.1 | design_1_i/rv32i_pure_0/inst/rv32i_ultra_master_lite_v1_0_M00_AXI_inst/cpu_core_inst/RF0/in_registers[15][31]_i_1_n_0                                                                                                                                    |
| Low              |                                  |     32 |                    | Active High |               0.01 |             0.9 | design_1_i/rv32i_pure_0/inst/rv32i_ultra_master_lite_v1_0_M00_AXI_inst/cpu_core_inst/RF0/in_registers[16][31]_i_1_n_0                                                                                                                                    |
| Low              |                                  |     32 |                    | Active High |               0.01 |             0.5 | design_1_i/rv32i_pure_0/inst/rv32i_ultra_master_lite_v1_0_M00_AXI_inst/cpu_core_inst/RF0/in_registers[17][31]_i_1_n_0                                                                                                                                    |
| Low              |                                  |     32 |                    | Active High |               0.00 |             0.1 | design_1_i/rv32i_pure_0/inst/rv32i_ultra_master_lite_v1_0_M00_AXI_inst/cpu_core_inst/RF0/in_registers[18][31]_i_1_n_0                                                                                                                                    |
| Low              |                                  |     32 |                    | Active High |               0.00 |             0.1 | design_1_i/rv32i_pure_0/inst/rv32i_ultra_master_lite_v1_0_M00_AXI_inst/cpu_core_inst/RF0/in_registers[19][31]_i_1_n_0                                                                                                                                    |
| Low              |                                  |     32 |                    | Active High |               0.01 |             0.8 | design_1_i/rv32i_pure_0/inst/rv32i_ultra_master_lite_v1_0_M00_AXI_inst/cpu_core_inst/RF0/in_registers[20][31]_i_1_n_0                                                                                                                                    |
| Low              |                                  |     32 |                    | Active High |               0.00 |             0.4 | design_1_i/rv32i_pure_0/inst/rv32i_ultra_master_lite_v1_0_M00_AXI_inst/cpu_core_inst/RF0/in_registers[21][31]_i_1_n_0                                                                                                                                    |
| Low              |                                  |     32 |                    | Active High |               0.00 |             0.1 | design_1_i/rv32i_pure_0/inst/rv32i_ultra_master_lite_v1_0_M00_AXI_inst/cpu_core_inst/RF0/in_registers[22][31]_i_1_n_0                                                                                                                                    |
| Low              |                                  |     32 |                    | Active High |               0.00 |             0.0 | design_1_i/rv32i_pure_0/inst/rv32i_ultra_master_lite_v1_0_M00_AXI_inst/cpu_core_inst/RF0/in_registers[23][31]_i_1_n_0                                                                                                                                    |
| Low              |                                  |     32 |                    | Active High |               0.00 |             0.2 | design_1_i/rv32i_pure_0/inst/rv32i_ultra_master_lite_v1_0_M00_AXI_inst/cpu_core_inst/RF0/in_registers[24][31]_i_1_n_0                                                                                                                                    |
| Low              |                                  |     32 |                    | Active High |               0.00 |             0.1 | design_1_i/rv32i_pure_0/inst/rv32i_ultra_master_lite_v1_0_M00_AXI_inst/cpu_core_inst/RF0/in_registers[25][31]_i_1_n_0                                                                                                                                    |
| Low              |                                  |     32 |                    | Active High |               0.00 |             0.0 | design_1_i/rv32i_pure_0/inst/rv32i_ultra_master_lite_v1_0_M00_AXI_inst/cpu_core_inst/RF0/in_registers[26][31]_i_1_n_0                                                                                                                                    |
| Low              |                                  |     32 |                    | Active High |               0.00 |             0.0 | design_1_i/rv32i_pure_0/inst/rv32i_ultra_master_lite_v1_0_M00_AXI_inst/cpu_core_inst/RF0/in_registers[27][31]_i_1_n_0                                                                                                                                    |
| Low              |                                  |     32 |                    | Active High |               0.00 |             0.1 | design_1_i/rv32i_pure_0/inst/rv32i_ultra_master_lite_v1_0_M00_AXI_inst/cpu_core_inst/RF0/in_registers[28][31]_i_1_n_0                                                                                                                                    |
| Low              |                                  |     32 |                    | Active High |               0.00 |             0.1 | design_1_i/rv32i_pure_0/inst/rv32i_ultra_master_lite_v1_0_M00_AXI_inst/cpu_core_inst/RF0/in_registers[29][31]_i_1_n_0                                                                                                                                    |
| Low              |                                  |     32 |                    | Active High |               0.02 |             1.3 | design_1_i/rv32i_pure_0/inst/rv32i_ultra_master_lite_v1_0_M00_AXI_inst/cpu_core_inst/RF0/in_registers[2][31]_i_1_n_0                                                                                                                                     |
| Low              |                                  |     32 |                    | Active High |               0.00 |             0.0 | design_1_i/rv32i_pure_0/inst/rv32i_ultra_master_lite_v1_0_M00_AXI_inst/cpu_core_inst/RF0/in_registers[30][31]_i_1_n_0                                                                                                                                    |
| Low              |                                  |     32 |                    | Active High |               0.00 |             0.0 | design_1_i/rv32i_pure_0/inst/rv32i_ultra_master_lite_v1_0_M00_AXI_inst/cpu_core_inst/RF0/in_registers[31][31]_i_1_n_0                                                                                                                                    |
| Low              |                                  |     32 |                    | Active High |               0.01 |             0.8 | design_1_i/rv32i_pure_0/inst/rv32i_ultra_master_lite_v1_0_M00_AXI_inst/cpu_core_inst/RF0/in_registers[3][31]_i_1_n_0                                                                                                                                     |
| Low              |                                  |     32 |                    | Active High |               0.02 |             1.1 | design_1_i/rv32i_pure_0/inst/rv32i_ultra_master_lite_v1_0_M00_AXI_inst/cpu_core_inst/RF0/in_registers[6][31]_i_1_n_0                                                                                                                                     |
| Low              |                                  |     32 |                    | Active High |               0.01 |             0.6 | design_1_i/rv32i_pure_0/inst/rv32i_ultra_master_lite_v1_0_M00_AXI_inst/cpu_core_inst/RF0/in_registers[7][31]_i_1_n_0                                                                                                                                     |
| Low              |                                  |     32 |                    | Active High |               0.02 |             1.4 | design_1_i/rv32i_pure_0/inst/rv32i_ultra_master_lite_v1_0_M00_AXI_inst/cpu_core_inst/RF0/in_registers[9][31]_i_1_n_0                                                                                                                                     |
| Low              |                                  |     32 |                    | Active High |               0.00 |             0.0 | design_1_i/rv32i_pure_0/inst/rv32i_ultra_master_lite_v1_0_M00_AXI_inst/rdata_reg[31]_i_1_n_0                                                                                                                                                             |
| Low              |                                  |     32 |                    | Active High |               0.00 |             0.4 | design_1_i/system_ila_0/inst/ila_lib/inst/ila_core_inst/u_ila_regs/reg_srl_fff/shift_en_o                                                                                                                                                                |
| Low              | Excessive Set/Reset/Preset/Clear |     31 | Reset              | Active High |               1.00 |             0.0 | dbg_hub/inst/BSCANID.u_xsdbm_id/SWITCH_N_EXT_BSCAN.bscan_switch/temp_curid[31]_i_1_n_0                                                                                                                                                                   |
| Low              |                                  |     28 |                    | Active High |               0.00 |             0.0 | dbg_hub/inst/BSCANID.u_xsdbm_id/CORE_XSDB.UUT_MASTER/U_ICON_INTERFACE/U_CMD4/icn_cmd_en_temp                                                                                                                                                             |
| Low              |                                  |     24 |                    | Active High |               0.00 |             0.0 | dbg_hub/inst/BSCANID.u_xsdbm_id/CORE_XSDB.UUT_MASTER/U_ICON_INTERFACE/U_CMD6_RD/U_RD_FIFO/SUBCORE_FIFO.xsdbm_v3_0_3_rdfifo_inst/inst_fifo_gen/gconvfifo.rf/grf.rf/gntv_or_sync_fifo.gl0.rd/gr1.gr1_int.rfwft/E[0]                                        |
| Low              |                                  |     24 |                    | Active High |               0.00 |             0.0 | dbg_hub/inst/BSCANID.u_xsdbm_id/CORE_XSDB.UUT_MASTER/U_ICON_INTERFACE/U_CMD6_WR/U_WR_FIFO/SUBCORE_FIFO.xsdbm_v3_0_3_wrfifo_inst/inst_fifo_gen/gconvfifo.rf/grf.rf/gntv_or_sync_fifo.gl0.rd/gras.rsts/E[0]                                                |
| Low              |                                  |     22 | BRAM Enable        | Active High |               0.00 |             0.0 | design_1_i/system_ila_0/inst/ila_lib/inst/ila_core_inst/xsdb_memory_read_inst/READ_ADDR_EN_O                                                                                                                                                             |
| Low              |                                  |     18 |                    | Active High |               0.00 |             0.0 | dbg_hub/inst/BSCANID.u_xsdbm_id/CORE_XSDB.UUT_MASTER/U_ICON_INTERFACE/U_CMD5/icn_cmd_en_temp                                                                                                                                                             |
| Low              | Excessive Set/Reset/Preset/Clear |     18 | Preset/Clear       | Active High |               1.00 |             0.0 | dbg_hub/inst/BSCANID.u_xsdbm_id/CORE_XSDB.UUT_MASTER/U_ICON_INTERFACE/U_CMD6_RD/U_RD_FIFO/SUBCORE_FIFO.xsdbm_v3_0_3_rdfifo_inst/inst_fifo_gen/gconvfifo.rf/grf.rf/rstblk/ngwrdrst.grst.rd_rst_reg[2]                                                     |
| Low              | Excessive Set/Reset/Preset/Clear |     18 | Clear              | Active High |               1.00 |             0.0 | dbg_hub/inst/BSCANID.u_xsdbm_id/CORE_XSDB.UUT_MASTER/U_ICON_INTERFACE/U_CMD6_WR/U_WR_FIFO/SUBCORE_FIFO.xsdbm_v3_0_3_wrfifo_inst/inst_fifo_gen/gconvfifo.rf/grf.rf/rstblk/ngwrdrst.grst.wr_rst_reg[0]                                                     |
| Low              |                                  |     17 |                    | Active High |               0.00 |             0.0 | dbg_hub/inst/BSCANID.u_xsdbm_id/CORE_XSDB.UUT_MASTER/U_XSDB_ADDRESS_CONTROLLER/addr[16]_i_1_n_0                                                                                                                                                          |
| Low              |                                  |     17 |                    | Active High |               0.00 |             0.0 | dbg_hub/inst/BSCANID.u_xsdbm_id/CORE_XSDB.UUT_MASTER/U_XSDB_BURST_WD_LEN_CONTROLLER/burst_wd[0]_i_1_n_0                                                                                                                                                  |
| Low              |                                  |     16 |                    | Active High |               0.00 |             0.0 | dbg_hub/inst/BSCANID.u_xsdbm_id/CORE_XSDB.UUT_MASTER/U_ICON_INTERFACE/U_CMD5/E[0]                                                                                                                                                                        |
| Low              |                                  |     16 |                    | Active High |               0.00 |             0.0 | dbg_hub/inst/BSCANID.u_xsdbm_id/CORE_XSDB.UUT_MASTER/U_ICON_INTERFACE/U_CMD5/icn_cmd_en_reg[6][0]                                                                                                                                                        |
| Low              |                                  |     16 |                    | Active High |               0.00 |             0.0 | dbg_hub/inst/BSCANID.u_xsdbm_id/CORE_XSDB.UUT_MASTER/U_ICON_INTERFACE/U_CMD6_RD/U_RD_FIFO/SUBCORE_FIFO.xsdbm_v3_0_3_rdfifo_inst/inst_fifo_gen/gconvfifo.rf/grf.rf/gntv_or_sync_fifo.gl0.rd/gr1.gr1_int.rfwft/ngwrdrst.grst.g7serrst.rd_rst_reg_reg[0][0] |
| Low              | Excessive Set/Reset/Preset/Clear |     16 | Clear              | Active High |               1.00 |             0.0 | dbg_hub/inst/BSCANID.u_xsdbm_id/CORE_XSDB.UUT_MASTER/U_ICON_INTERFACE/U_CMD6_RD/U_RD_FIFO/SUBCORE_FIFO.xsdbm_v3_0_3_rdfifo_inst/inst_fifo_gen/gconvfifo.rf/grf.rf/rstblk/ngwrdrst.grst.rd_rst_reg[1]                                                     |
| Low              |                                  |     16 |                    | Active High |               0.00 |             0.4 | design_1_i/system_ila_0/inst/ila_lib/inst/ila_core_inst/u_ila_regs/MU_SRL[0].mu_srl_reg/shift_en_o                                                                                                                                                       |
| Low              |                                  |     16 |                    | Active High |               0.00 |             0.4 | design_1_i/system_ila_0/inst/ila_lib/inst/ila_core_inst/u_ila_regs/MU_SRL[10].mu_srl_reg/shift_en_o                                                                                                                                                      |
| Low              |                                  |     16 |                    | Active High |               0.00 |             0.4 | design_1_i/system_ila_0/inst/ila_lib/inst/ila_core_inst/u_ila_regs/MU_SRL[11].mu_srl_reg/shift_en_o                                                                                                                                                      |
| Low              |                                  |     16 |                    | Active High |               0.00 |             0.4 | design_1_i/system_ila_0/inst/ila_lib/inst/ila_core_inst/u_ila_regs/MU_SRL[12].mu_srl_reg/shift_en_o                                                                                                                                                      |
| Low              |                                  |     16 |                    | Active High |               0.00 |             0.4 | design_1_i/system_ila_0/inst/ila_lib/inst/ila_core_inst/u_ila_regs/MU_SRL[13].mu_srl_reg/shift_en_o                                                                                                                                                      |
| Low              |                                  |     16 |                    | Active High |               0.00 |             0.4 | design_1_i/system_ila_0/inst/ila_lib/inst/ila_core_inst/u_ila_regs/MU_SRL[14].mu_srl_reg/shift_en_o                                                                                                                                                      |
| Low              |                                  |     16 |                    | Active High |               0.00 |             0.4 | design_1_i/system_ila_0/inst/ila_lib/inst/ila_core_inst/u_ila_regs/MU_SRL[15].mu_srl_reg/shift_en_o                                                                                                                                                      |
| Low              |                                  |     16 |                    | Active High |               0.00 |             0.4 | design_1_i/system_ila_0/inst/ila_lib/inst/ila_core_inst/u_ila_regs/MU_SRL[16].mu_srl_reg/shift_en_o                                                                                                                                                      |
| Low              |                                  |     16 |                    | Active High |               0.00 |             0.4 | design_1_i/system_ila_0/inst/ila_lib/inst/ila_core_inst/u_ila_regs/MU_SRL[17].mu_srl_reg/shift_en_o                                                                                                                                                      |
| Low              |                                  |     16 |                    | Active High |               0.00 |             0.4 | design_1_i/system_ila_0/inst/ila_lib/inst/ila_core_inst/u_ila_regs/MU_SRL[18].mu_srl_reg/shift_en_o                                                                                                                                                      |
| Low              |                                  |     16 |                    | Active High |               0.00 |             0.4 | design_1_i/system_ila_0/inst/ila_lib/inst/ila_core_inst/u_ila_regs/MU_SRL[19].mu_srl_reg/shift_en_o                                                                                                                                                      |
| Low              |                                  |     16 |                    | Active High |               0.00 |             0.4 | design_1_i/system_ila_0/inst/ila_lib/inst/ila_core_inst/u_ila_regs/MU_SRL[1].mu_srl_reg/shift_en_o                                                                                                                                                       |
| Low              |                                  |     16 |                    | Active High |               0.00 |             0.4 | design_1_i/system_ila_0/inst/ila_lib/inst/ila_core_inst/u_ila_regs/MU_SRL[20].mu_srl_reg/shift_en_o                                                                                                                                                      |
| Low              |                                  |     16 |                    | Active High |               0.00 |             0.4 | design_1_i/system_ila_0/inst/ila_lib/inst/ila_core_inst/u_ila_regs/MU_SRL[21].mu_srl_reg/shift_en_o                                                                                                                                                      |
| Low              |                                  |     16 |                    | Active High |               0.00 |             0.4 | design_1_i/system_ila_0/inst/ila_lib/inst/ila_core_inst/u_ila_regs/MU_SRL[22].mu_srl_reg/shift_en_o                                                                                                                                                      |
| Low              |                                  |     16 |                    | Active High |               0.00 |             0.4 | design_1_i/system_ila_0/inst/ila_lib/inst/ila_core_inst/u_ila_regs/MU_SRL[23].mu_srl_reg/shift_en_o                                                                                                                                                      |
| Low              |                                  |     16 |                    | Active High |               0.00 |             0.4 | design_1_i/system_ila_0/inst/ila_lib/inst/ila_core_inst/u_ila_regs/MU_SRL[24].mu_srl_reg/shift_en_o                                                                                                                                                      |
| Low              |                                  |     16 |                    | Active High |               0.00 |             0.4 | design_1_i/system_ila_0/inst/ila_lib/inst/ila_core_inst/u_ila_regs/MU_SRL[25].mu_srl_reg/shift_en_o                                                                                                                                                      |
| Low              |                                  |     16 |                    | Active High |               0.00 |             0.4 | design_1_i/system_ila_0/inst/ila_lib/inst/ila_core_inst/u_ila_regs/MU_SRL[26].mu_srl_reg/shift_en_o                                                                                                                                                      |
| Low              |                                  |     16 |                    | Active High |               0.00 |             0.4 | design_1_i/system_ila_0/inst/ila_lib/inst/ila_core_inst/u_ila_regs/MU_SRL[27].mu_srl_reg/shift_en_o                                                                                                                                                      |
| Low              |                                  |     16 |                    | Active High |               0.00 |             0.4 | design_1_i/system_ila_0/inst/ila_lib/inst/ila_core_inst/u_ila_regs/MU_SRL[28].mu_srl_reg/shift_en_o                                                                                                                                                      |
| Low              |                                  |     16 |                    | Active High |               0.00 |             0.4 | design_1_i/system_ila_0/inst/ila_lib/inst/ila_core_inst/u_ila_regs/MU_SRL[29].mu_srl_reg/shift_en_o                                                                                                                                                      |
| Low              |                                  |     16 |                    | Active High |               0.00 |             0.4 | design_1_i/system_ila_0/inst/ila_lib/inst/ila_core_inst/u_ila_regs/MU_SRL[2].mu_srl_reg/shift_en_o                                                                                                                                                       |
| Low              |                                  |     16 |                    | Active High |               0.00 |             0.4 | design_1_i/system_ila_0/inst/ila_lib/inst/ila_core_inst/u_ila_regs/MU_SRL[30].mu_srl_reg/shift_en_o                                                                                                                                                      |
| Low              |                                  |     16 |                    | Active High |               0.00 |             0.4 | design_1_i/system_ila_0/inst/ila_lib/inst/ila_core_inst/u_ila_regs/MU_SRL[31].mu_srl_reg/shift_en_o                                                                                                                                                      |
| Low              |                                  |     16 |                    | Active High |               0.00 |             0.4 | design_1_i/system_ila_0/inst/ila_lib/inst/ila_core_inst/u_ila_regs/MU_SRL[32].mu_srl_reg/shift_en_o                                                                                                                                                      |
| Low              |                                  |     16 |                    | Active High |               0.00 |             0.4 | design_1_i/system_ila_0/inst/ila_lib/inst/ila_core_inst/u_ila_regs/MU_SRL[33].mu_srl_reg/shift_en_o                                                                                                                                                      |
| Low              |                                  |     16 |                    | Active High |               0.00 |             0.4 | design_1_i/system_ila_0/inst/ila_lib/inst/ila_core_inst/u_ila_regs/MU_SRL[34].mu_srl_reg/shift_en_o                                                                                                                                                      |
| Low              |                                  |     16 |                    | Active High |               0.00 |             0.4 | design_1_i/system_ila_0/inst/ila_lib/inst/ila_core_inst/u_ila_regs/MU_SRL[35].mu_srl_reg/shift_en_o                                                                                                                                                      |
| Low              |                                  |     16 |                    | Active High |               0.00 |             0.4 | design_1_i/system_ila_0/inst/ila_lib/inst/ila_core_inst/u_ila_regs/MU_SRL[36].mu_srl_reg/shift_en_o                                                                                                                                                      |
| Low              |                                  |     16 |                    | Active High |               0.00 |             0.4 | design_1_i/system_ila_0/inst/ila_lib/inst/ila_core_inst/u_ila_regs/MU_SRL[37].mu_srl_reg/shift_en_o                                                                                                                                                      |
| Low              |                                  |     16 |                    | Active High |               0.00 |             0.4 | design_1_i/system_ila_0/inst/ila_lib/inst/ila_core_inst/u_ila_regs/MU_SRL[38].mu_srl_reg/shift_en_o                                                                                                                                                      |
| Low              |                                  |     16 |                    | Active High |               0.00 |             0.4 | design_1_i/system_ila_0/inst/ila_lib/inst/ila_core_inst/u_ila_regs/MU_SRL[39].mu_srl_reg/shift_en_o                                                                                                                                                      |
| Low              |                                  |     16 |                    | Active High |               0.00 |             0.4 | design_1_i/system_ila_0/inst/ila_lib/inst/ila_core_inst/u_ila_regs/MU_SRL[3].mu_srl_reg/shift_en_o                                                                                                                                                       |
| Low              |                                  |     16 |                    | Active High |               0.00 |             0.4 | design_1_i/system_ila_0/inst/ila_lib/inst/ila_core_inst/u_ila_regs/MU_SRL[40].mu_srl_reg/shift_en_o                                                                                                                                                      |
| Low              |                                  |     16 |                    | Active High |               0.00 |             0.4 | design_1_i/system_ila_0/inst/ila_lib/inst/ila_core_inst/u_ila_regs/MU_SRL[41].mu_srl_reg/shift_en_o                                                                                                                                                      |
| Low              |                                  |     16 |                    | Active High |               0.00 |             0.4 | design_1_i/system_ila_0/inst/ila_lib/inst/ila_core_inst/u_ila_regs/MU_SRL[42].mu_srl_reg/shift_en_o                                                                                                                                                      |
| Low              |                                  |     16 |                    | Active High |               0.00 |             0.4 | design_1_i/system_ila_0/inst/ila_lib/inst/ila_core_inst/u_ila_regs/MU_SRL[43].mu_srl_reg/shift_en_o                                                                                                                                                      |
| Low              |                                  |     16 |                    | Active High |               0.00 |             0.4 | design_1_i/system_ila_0/inst/ila_lib/inst/ila_core_inst/u_ila_regs/MU_SRL[44].mu_srl_reg/shift_en_o                                                                                                                                                      |
| Low              |                                  |     16 |                    | Active High |               0.00 |             0.4 | design_1_i/system_ila_0/inst/ila_lib/inst/ila_core_inst/u_ila_regs/MU_SRL[45].mu_srl_reg/shift_en_o                                                                                                                                                      |
| Low              |                                  |     16 |                    | Active High |               0.00 |             0.4 | design_1_i/system_ila_0/inst/ila_lib/inst/ila_core_inst/u_ila_regs/MU_SRL[46].mu_srl_reg/shift_en_o                                                                                                                                                      |
| Low              |                                  |     16 |                    | Active High |               0.00 |             0.4 | design_1_i/system_ila_0/inst/ila_lib/inst/ila_core_inst/u_ila_regs/MU_SRL[47].mu_srl_reg/shift_en_o                                                                                                                                                      |
| Low              |                                  |     16 |                    | Active High |               0.00 |             0.4 | design_1_i/system_ila_0/inst/ila_lib/inst/ila_core_inst/u_ila_regs/MU_SRL[48].mu_srl_reg/shift_en_o                                                                                                                                                      |
| Low              |                                  |     16 |                    | Active High |               0.00 |             0.4 | design_1_i/system_ila_0/inst/ila_lib/inst/ila_core_inst/u_ila_regs/MU_SRL[49].mu_srl_reg/shift_en_o                                                                                                                                                      |
| Low              |                                  |     16 |                    | Active High |               0.00 |             0.4 | design_1_i/system_ila_0/inst/ila_lib/inst/ila_core_inst/u_ila_regs/MU_SRL[4].mu_srl_reg/shift_en_o                                                                                                                                                       |
| Low              |                                  |     16 |                    | Active High |               0.00 |             0.4 | design_1_i/system_ila_0/inst/ila_lib/inst/ila_core_inst/u_ila_regs/MU_SRL[5].mu_srl_reg/shift_en_o                                                                                                                                                       |
| Low              |                                  |     16 |                    | Active High |               0.00 |             0.4 | design_1_i/system_ila_0/inst/ila_lib/inst/ila_core_inst/u_ila_regs/MU_SRL[6].mu_srl_reg/shift_en_o                                                                                                                                                       |
| Low              |                                  |     16 |                    | Active High |               0.00 |             0.4 | design_1_i/system_ila_0/inst/ila_lib/inst/ila_core_inst/u_ila_regs/MU_SRL[7].mu_srl_reg/shift_en_o                                                                                                                                                       |
| Low              |                                  |     16 |                    | Active High |               0.00 |             0.4 | design_1_i/system_ila_0/inst/ila_lib/inst/ila_core_inst/u_ila_regs/MU_SRL[8].mu_srl_reg/shift_en_o                                                                                                                                                       |
| Low              |                                  |     16 |                    | Active High |               0.00 |             0.4 | design_1_i/system_ila_0/inst/ila_lib/inst/ila_core_inst/u_ila_regs/MU_SRL[9].mu_srl_reg/shift_en_o                                                                                                                                                       |
| Low              |                                  |     16 |                    | Active High |               0.00 |             0.4 | design_1_i/system_ila_0/inst/ila_lib/inst/ila_core_inst/u_ila_regs/TC_SRL[0].tc_srl_reg/shift_en_o                                                                                                                                                       |
| Low              |                                  |     16 |                    | Active High |               0.00 |             0.0 | design_1_i/system_ila_0/inst/ila_lib/inst/ila_core_inst/u_ila_regs/U_XSDB_SLAVE/reg_test0                                                                                                                                                                |
| Low              |                                  |     16 |                    | Active High |               0.00 |             0.0 | design_1_i/system_ila_0/inst/ila_lib/inst/ila_core_inst/u_ila_regs/reg_15/I_EN_CTL_EQ1.U_CTL/xsdb_reg[15]_i_1_n_0                                                                                                                                        |
| Low              |                                  |     16 |                    | Active High |               0.00 |             0.0 | design_1_i/system_ila_0/inst/ila_lib/inst/ila_core_inst/u_ila_regs/reg_16/I_EN_CTL_EQ1.U_CTL/xsdb_reg[15]_i_1_n_0                                                                                                                                        |
| Low              |                                  |     16 |                    | Active High |               0.00 |             0.0 | design_1_i/system_ila_0/inst/ila_lib/inst/ila_core_inst/u_ila_regs/reg_17/I_EN_CTL_EQ1.U_CTL/xsdb_reg[15]_i_1_n_0                                                                                                                                        |
| Low              |                                  |     16 |                    | Active High |               0.00 |             0.0 | design_1_i/system_ila_0/inst/ila_lib/inst/ila_core_inst/u_ila_regs/reg_18/I_EN_CTL_EQ1.U_CTL/xsdb_reg[15]_i_1_n_0                                                                                                                                        |
| Low              |                                  |     16 |                    | Active High |               0.00 |             0.0 | design_1_i/system_ila_0/inst/ila_lib/inst/ila_core_inst/u_ila_regs/reg_19/I_EN_CTL_EQ1.U_CTL/xsdb_reg[15]_i_1_n_0                                                                                                                                        |
| Low              |                                  |     16 |                    | Active High |               0.00 |             0.0 | design_1_i/system_ila_0/inst/ila_lib/inst/ila_core_inst/u_ila_regs/reg_1a/I_EN_CTL_EQ1.U_CTL/xsdb_reg[15]_i_1_n_0                                                                                                                                        |
| Low              |                                  |     16 |                    | Active High |               0.00 |             0.0 | design_1_i/system_ila_0/inst/ila_lib/inst/ila_core_inst/u_ila_regs/reg_6/I_EN_CTL_EQ1.U_CTL/xsdb_reg[15]_i_1_n_0                                                                                                                                         |
| Low              |                                  |     16 |                    | Active High |               0.00 |             0.0 | design_1_i/system_ila_0/inst/ila_lib/inst/ila_core_inst/u_ila_regs/reg_7/I_EN_CTL_EQ1.U_CTL/xsdb_reg[15]_i_1_n_0                                                                                                                                         |
| Low              |                                  |     16 |                    | Active High |               0.00 |             0.0 | design_1_i/system_ila_0/inst/ila_lib/inst/ila_core_inst/u_ila_regs/reg_80/I_EN_CTL_EQ1.U_CTL/xsdb_reg[15]_i_1_n_0                                                                                                                                        |
| Low              |                                  |     16 |                    | Active High |               0.00 |             0.0 | design_1_i/system_ila_0/inst/ila_lib/inst/ila_core_inst/u_ila_regs/reg_81/I_EN_CTL_EQ1.U_CTL/xsdb_reg[15]_i_1_n_0                                                                                                                                        |
| Low              |                                  |     16 |                    | Active High |               0.00 |             0.0 | design_1_i/system_ila_0/inst/ila_lib/inst/ila_core_inst/u_ila_regs/reg_82/I_EN_CTL_EQ1.U_CTL/xsdb_reg[15]_i_1_n_0                                                                                                                                        |
| Low              |                                  |     16 |                    | Active High |               0.00 |             0.0 | design_1_i/system_ila_0/inst/ila_lib/inst/ila_core_inst/u_ila_regs/reg_83/I_EN_CTL_EQ1.U_CTL/xsdb_reg[15]_i_1_n_0                                                                                                                                        |
| Low              |                                  |     16 |                    | Active High |               0.00 |             0.0 | design_1_i/system_ila_0/inst/ila_lib/inst/ila_core_inst/u_ila_regs/reg_84/I_EN_CTL_EQ1.U_CTL/xsdb_reg[15]_i_1_n_0                                                                                                                                        |
| Low              |                                  |     16 |                    | Active High |               0.00 |             0.0 | design_1_i/system_ila_0/inst/ila_lib/inst/ila_core_inst/u_ila_regs/reg_85/I_EN_CTL_EQ1.U_CTL/xsdb_reg[15]_i_1_n_0                                                                                                                                        |
| Low              |                                  |     16 |                    | Active High |               0.00 |             0.0 | design_1_i/system_ila_0/inst/ila_lib/inst/ila_core_inst/u_ila_regs/reg_stream_ffd/I_EN_CTL_EQ1.U_CTL/xsdb_reg[15]_i_1_n_0                                                                                                                                |
| Low              | Excessive Set/Reset/Preset/Clear |     16 | Reset              | Active High |               1.00 |             0.0 | design_1_i/system_ila_0/inst/ila_lib/inst/ila_core_inst/u_ila_regs/slaveRegDo_mux_3[15]_i_1_n_0                                                                                                                                                          |
| Low              |                                  |     16 |                    | Active High |               0.00 |             0.0 | design_1_i/system_ila_0/inst/ila_lib/inst/ila_core_inst/xsdb_memory_read_inst/EN_O                                                                                                                                                                       |
| Low              |                                  |     12 |                    | Active High |               0.00 |             0.0 | dbg_hub/inst/BSCANID.u_xsdbm_id/CORE_XSDB.UUT_MASTER/U_ICON_INTERFACE/U_CMD6_RD/U_RD_FIFO/SUBCORE_FIFO.xsdbm_v3_0_3_rdfifo_inst/inst_fifo_gen/gconvfifo.rf/grf.rf/gntv_or_sync_fifo.gl0.wr/gwas.wsts/E[0]                                                |
| Low              |                                  |     12 |                    | Active High |               0.00 |             0.0 | dbg_hub/inst/BSCANID.u_xsdbm_id/CORE_XSDB.UUT_MASTER/U_ICON_INTERFACE/U_CMD6_WR/U_WR_FIFO/SUBCORE_FIFO.xsdbm_v3_0_3_wrfifo_inst/inst_fifo_gen/gconvfifo.rf/grf.rf/gntv_or_sync_fifo.gl0.wr/gwas.wsts/E[0]                                                |
| Low              | Excessive Set/Reset/Preset/Clear |     12 | Preset/Clear       | Active High |               1.00 |             0.0 | dbg_hub/inst/BSCANID.u_xsdbm_id/CORE_XSDB.UUT_MASTER/U_ICON_INTERFACE/U_CMD6_WR/U_WR_FIFO/SUBCORE_FIFO.xsdbm_v3_0_3_wrfifo_inst/inst_fifo_gen/gconvfifo.rf/grf.rf/rstblk/ngwrdrst.grst.wr_rst_reg[1]                                                     |
| Low              | Excessive Set/Reset/Preset/Clear |     10 | Clear              | Active High |               1.00 |             0.0 | dbg_hub/inst/BSCANID.u_xsdbm_id/CORE_XSDB.U_ICON/U_CMD/iSEL_n                                                                                                                                                                                            |
| Low              |                                  |     10 |                    | Active High |               0.00 |             0.0 | dbg_hub/inst/BSCANID.u_xsdbm_id/CORE_XSDB.U_ICON/U_CMD/iTARGET_CE                                                                                                                                                                                        |
| Low              |                                  |     10 |                    | Active High |               0.02 |             4.7 | design_1_i/axi_bram_ctrl_0/U0/gext_inst.abcv4_0_ext_inst/GEN_AXI4.I_FULL_AXI/I_RD_CHNL/E[0]                                                                                                                                                              |
| Low              | Excessive Set/Reset/Preset/Clear |     10 | Reset              | Active High |               0.50 |             0.0 | design_1_i/system_ila_0/inst/ila_lib/inst/ila_core_inst/u_ila_cap_ctrl/u_cap_addrgen/u_cap_sample_counter/U_SCRST/O                                                                                                                                      |
| Low              | Excessive Set/Reset/Preset/Clear |     10 | Reset              | Active High |               1.00 |             0.0 | design_1_i/system_ila_0/inst/ila_lib/inst/ila_core_inst/u_ila_regs/slaveRegDo_mux_2[15]_i_1_n_0                                                                                                                                                          |
| Low              | Excessive Set/Reset/Preset/Clear |      9 | Reset/Set          | Active High |               0.50 |             0.4 | design_1_i/system_ila_0/inst/ila_lib/inst/ila_core_inst/u_ila_regs/clk_lost_cnt[7]_i_1_n_0                                                                                                                                                               |
| Low              | Excessive Set/Reset/Preset/Clear |      8 | Reset              | Active High |               1.00 |             0.0 | dbg_hub/inst/BSCANID.u_xsdbm_id/CORE_XSDB.UUT_MASTER/U_XSDB_BUS_CONTROLLER/timer_rst                                                                                                                                                                     |
| Low              | Excessive Set/Reset/Preset/Clear |      8 | Reset              | Active High |               1.00 |             0.0 | dbg_hub/inst/BSCANID.u_xsdbm_id/CORE_XSDB.U_ICON/U_SYNC/iSYNC_WORD[6]_i_1_n_0                                                                                                                                                                            |
| Low              | Excessive Set/Reset/Preset/Clear |      8 | Reset              | Active High |               1.00 |             0.0 | dbg_hub/inst/BSCANID.u_xsdbm_id/SWITCH_N_EXT_BSCAN.bscan_switch/counter[7]_i_1_n_0                                                                                                                                                                       |
| Low              |                                  |      8 |                    | Active High |               0.02 |             4.5 | design_1_i/AES_hardware_final_0/inst/araddr_reg[7]_i_1_n_0                                                                                                                                                                                               |
| Low              |                                  |      8 |                    | Active High |               0.03 |             5.5 | design_1_i/AES_hardware_final_0/inst/awaddr_reg[7]_i_1_n_0                                                                                                                                                                                               |
| Low              |                                  |      8 |                    | Active High |               0.00 |             0.0 | design_1_i/axi_bram_ctrl_0/U0/gext_inst.abcv4_0_ext_inst/GEN_AXI4.I_FULL_AXI/I_RD_CHNL/GEN_NO_RD_CMD_OPT.brst_cnt[7]_i_1_n_0                                                                                                                             |
| Low              |                                  |      8 |                    | Active High |               0.00 |             0.0 | design_1_i/axi_uartlite_0/U0/AXI_LITE_IPIF_I/I_SLAVE_ATTACHMENT/s_axi_rresp_i                                                                                                                                                                            |
| Low              | Excessive Set/Reset/Preset/Clear |      7 | Reset              | Active High |               1.00 |             0.0 | dbg_hub/inst/BSCANID.u_xsdbm_id/CORE_XSDB.UUT_MASTER/U_ICON_INTERFACE/U_STATIC_STATUS/clear                                                                                                                                                              |
| Low              |                                  |      7 |                    | Active High |               0.00 |             0.0 | design_1_i/system_ila_0/inst/ila_lib/inst/ila_core_inst/u_ila_regs/xsdb_rden_ff9                                                                                                                                                                         |
| Low              |                                  |      7 |                    | Active High |               0.00 |             0.0 | design_1_i/system_ila_0/inst/ila_lib/inst/ila_core_inst/u_ila_regs/xsdb_rden_ffa                                                                                                                                                                         |
| Low              | Excessive Set/Reset/Preset/Clear |      6 | Reset              | Active High |               1.00 |             0.0 | dbg_hub/inst/BSCANID.u_xsdbm_id/CORE_XSDB.U_ICON/U_CMD/SR[0]                                                                                                                                                                                             |
| Low              |                                  |      6 |                    | Active High |               0.00 |             0.0 | design_1_i/proc_sys_reset_0/U0/SEQ/seq_cnt_en                                                                                                                                                                                                            |
| Low              | Excessive Set/Reset/Preset/Clear |      5 | Reset              | Active High |               1.00 |             0.0 | design_1_i/system_ila_0/inst/ila_lib/inst/ila_core_inst/xsdb_memory_read_inst/curr_read_block[4]_i_1_n_0                                                                                                                                                 |
| Low              |                                  |      4 |                    | Active High |               0.00 |             0.0 | dbg_hub/inst/BSCANID.u_xsdbm_id/CORE_XSDB.UUT_MASTER/U_ICON_INTERFACE/U_CMD2/icn_cmd_en_temp                                                                                                                                                             |
| Low              | Excessive Set/Reset/Preset/Clear |      4 | Reset              | Active High |               1.00 |             0.0 | dbg_hub/inst/BSCANID.u_xsdbm_id/CORE_XSDB.UUT_MASTER/U_ICON_INTERFACE/U_CMD5/SR[0]                                                                                                                                                                       |
| Low              | Excessive Set/Reset/Preset/Clear |      4 | Reset              | Active High |               1.00 |             0.0 | dbg_hub/inst/BSCANID.u_xsdbm_id/CORE_XSDB.UUT_MASTER/U_ICON_INTERFACE/U_CMD5/shift_reg_in_reg[17]_0[0]                                                                                                                                                   |
| Low              | Excessive Set/Reset/Preset/Clear |      4 | Reset              | Active High |               1.00 |             0.0 | dbg_hub/inst/BSCANID.u_xsdbm_id/CORE_XSDB.UUT_MASTER/U_ICON_INTERFACE/icn_cmd_en[3]_i_1_n_0                                                                                                                                                              |
| Low              | Excessive Set/Reset/Preset/Clear |      4 | Reset              | Active High |               1.00 |             0.0 | dbg_hub/inst/BSCANID.u_xsdbm_id/CORE_XSDB.U_ICON/U_CMD/SYNC_reg                                                                                                                                                                                          |
| Low              |                                  |      4 | BRAM Enable        | Active High |               0.05 |             4.7 | design_1_i/axi_bram_ctrl_0/U0/gext_inst.abcv4_0_ext_inst/GEN_AXI4.I_FULL_AXI/GEN_ARB.I_SNG_PORT/bram_we_a[0]                                                                                                                                             |
| Low              |                                  |      4 |                    | Active High |               0.00 |             0.0 | design_1_i/axi_bram_ctrl_0/U0/gext_inst.abcv4_0_ext_inst/GEN_AXI4.I_FULL_AXI/I_RD_CHNL/FSM_sequential_GEN_NO_RD_CMD_OPT.rd_data_sm_cs[3]_i_1_n_0                                                                                                         |
| Low              |                                  |      4 |                    | Active High |               0.00 |             0.0 | design_1_i/axi_uartlite_0/U0/AXI_LITE_IPIF_I/I_SLAVE_ATTACHMENT/start2                                                                                                                                                                                   |
| Low              | Excessive Set/Reset/Preset/Clear |      4 | Reset              | Active High |               1.00 |             0.4 | design_1_i/system_ila_0/inst/ila_lib/inst/ila_core_inst/u_ila_regs/MU_SRL[0].mu_srl_reg/cnt[3]_i_1_n_0                                                                                                                                                   |
| Low              | Excessive Set/Reset/Preset/Clear |      4 | Reset              | Active High |               1.00 |             0.4 | design_1_i/system_ila_0/inst/ila_lib/inst/ila_core_inst/u_ila_regs/MU_SRL[10].mu_srl_reg/cnt[3]_i_1_n_0                                                                                                                                                  |
| Low              | Excessive Set/Reset/Preset/Clear |      4 | Reset              | Active High |               1.00 |             0.4 | design_1_i/system_ila_0/inst/ila_lib/inst/ila_core_inst/u_ila_regs/MU_SRL[11].mu_srl_reg/cnt[3]_i_1_n_0                                                                                                                                                  |
| Low              | Excessive Set/Reset/Preset/Clear |      4 | Reset              | Active High |               1.00 |             0.4 | design_1_i/system_ila_0/inst/ila_lib/inst/ila_core_inst/u_ila_regs/MU_SRL[12].mu_srl_reg/cnt[3]_i_1_n_0                                                                                                                                                  |
| Low              | Excessive Set/Reset/Preset/Clear |      4 | Reset              | Active High |               1.00 |             0.4 | design_1_i/system_ila_0/inst/ila_lib/inst/ila_core_inst/u_ila_regs/MU_SRL[13].mu_srl_reg/cnt[3]_i_1_n_0                                                                                                                                                  |
| Low              | Excessive Set/Reset/Preset/Clear |      4 | Reset              | Active High |               1.00 |             0.4 | design_1_i/system_ila_0/inst/ila_lib/inst/ila_core_inst/u_ila_regs/MU_SRL[14].mu_srl_reg/cnt[3]_i_1_n_0                                                                                                                                                  |
| Low              | Excessive Set/Reset/Preset/Clear |      4 | Reset              | Active High |               1.00 |             0.4 | design_1_i/system_ila_0/inst/ila_lib/inst/ila_core_inst/u_ila_regs/MU_SRL[15].mu_srl_reg/cnt[3]_i_1_n_0                                                                                                                                                  |
| Low              | Excessive Set/Reset/Preset/Clear |      4 | Reset              | Active High |               1.00 |             0.4 | design_1_i/system_ila_0/inst/ila_lib/inst/ila_core_inst/u_ila_regs/MU_SRL[16].mu_srl_reg/cnt[3]_i_1_n_0                                                                                                                                                  |
| Low              | Excessive Set/Reset/Preset/Clear |      4 | Reset              | Active High |               1.00 |             0.4 | design_1_i/system_ila_0/inst/ila_lib/inst/ila_core_inst/u_ila_regs/MU_SRL[17].mu_srl_reg/cnt[3]_i_1_n_0                                                                                                                                                  |
| Low              | Excessive Set/Reset/Preset/Clear |      4 | Reset              | Active High |               1.00 |             0.4 | design_1_i/system_ila_0/inst/ila_lib/inst/ila_core_inst/u_ila_regs/MU_SRL[18].mu_srl_reg/cnt[3]_i_1_n_0                                                                                                                                                  |
| Low              | Excessive Set/Reset/Preset/Clear |      4 | Reset              | Active High |               1.00 |             0.4 | design_1_i/system_ila_0/inst/ila_lib/inst/ila_core_inst/u_ila_regs/MU_SRL[19].mu_srl_reg/cnt[3]_i_1_n_0                                                                                                                                                  |
| Low              | Excessive Set/Reset/Preset/Clear |      4 | Reset              | Active High |               1.00 |             0.4 | design_1_i/system_ila_0/inst/ila_lib/inst/ila_core_inst/u_ila_regs/MU_SRL[1].mu_srl_reg/cnt[3]_i_1_n_0                                                                                                                                                   |
| Low              | Excessive Set/Reset/Preset/Clear |      4 | Reset              | Active High |               1.00 |             0.4 | design_1_i/system_ila_0/inst/ila_lib/inst/ila_core_inst/u_ila_regs/MU_SRL[20].mu_srl_reg/cnt[3]_i_1_n_0                                                                                                                                                  |
| Low              | Excessive Set/Reset/Preset/Clear |      4 | Reset              | Active High |               1.00 |             0.4 | design_1_i/system_ila_0/inst/ila_lib/inst/ila_core_inst/u_ila_regs/MU_SRL[21].mu_srl_reg/cnt[3]_i_1_n_0                                                                                                                                                  |
| Low              | Excessive Set/Reset/Preset/Clear |      4 | Reset              | Active High |               1.00 |             0.4 | design_1_i/system_ila_0/inst/ila_lib/inst/ila_core_inst/u_ila_regs/MU_SRL[22].mu_srl_reg/cnt[3]_i_1_n_0                                                                                                                                                  |
| Low              | Excessive Set/Reset/Preset/Clear |      4 | Reset              | Active High |               1.00 |             0.4 | design_1_i/system_ila_0/inst/ila_lib/inst/ila_core_inst/u_ila_regs/MU_SRL[23].mu_srl_reg/cnt[3]_i_1_n_0                                                                                                                                                  |
| Low              | Excessive Set/Reset/Preset/Clear |      4 | Reset              | Active High |               1.00 |             0.4 | design_1_i/system_ila_0/inst/ila_lib/inst/ila_core_inst/u_ila_regs/MU_SRL[24].mu_srl_reg/cnt[3]_i_1_n_0                                                                                                                                                  |
| Low              | Excessive Set/Reset/Preset/Clear |      4 | Reset              | Active High |               1.00 |             0.4 | design_1_i/system_ila_0/inst/ila_lib/inst/ila_core_inst/u_ila_regs/MU_SRL[25].mu_srl_reg/cnt[3]_i_1_n_0                                                                                                                                                  |
| Low              | Excessive Set/Reset/Preset/Clear |      4 | Reset              | Active High |               1.00 |             0.4 | design_1_i/system_ila_0/inst/ila_lib/inst/ila_core_inst/u_ila_regs/MU_SRL[26].mu_srl_reg/cnt[3]_i_1_n_0                                                                                                                                                  |
| Low              | Excessive Set/Reset/Preset/Clear |      4 | Reset              | Active High |               1.00 |             0.4 | design_1_i/system_ila_0/inst/ila_lib/inst/ila_core_inst/u_ila_regs/MU_SRL[27].mu_srl_reg/cnt[3]_i_1_n_0                                                                                                                                                  |
| Low              | Excessive Set/Reset/Preset/Clear |      4 | Reset              | Active High |               1.00 |             0.4 | design_1_i/system_ila_0/inst/ila_lib/inst/ila_core_inst/u_ila_regs/MU_SRL[28].mu_srl_reg/cnt[3]_i_1_n_0                                                                                                                                                  |
| Low              | Excessive Set/Reset/Preset/Clear |      4 | Reset              | Active High |               1.00 |             0.4 | design_1_i/system_ila_0/inst/ila_lib/inst/ila_core_inst/u_ila_regs/MU_SRL[29].mu_srl_reg/cnt[3]_i_1_n_0                                                                                                                                                  |
| Low              | Excessive Set/Reset/Preset/Clear |      4 | Reset              | Active High |               1.00 |             0.4 | design_1_i/system_ila_0/inst/ila_lib/inst/ila_core_inst/u_ila_regs/MU_SRL[2].mu_srl_reg/cnt[3]_i_1_n_0                                                                                                                                                   |
| Low              | Excessive Set/Reset/Preset/Clear |      4 | Reset              | Active High |               1.00 |             0.4 | design_1_i/system_ila_0/inst/ila_lib/inst/ila_core_inst/u_ila_regs/MU_SRL[30].mu_srl_reg/cnt[3]_i_1_n_0                                                                                                                                                  |
| Low              | Excessive Set/Reset/Preset/Clear |      4 | Reset              | Active High |               1.00 |             0.4 | design_1_i/system_ila_0/inst/ila_lib/inst/ila_core_inst/u_ila_regs/MU_SRL[31].mu_srl_reg/cnt[3]_i_1_n_0                                                                                                                                                  |
| Low              | Excessive Set/Reset/Preset/Clear |      4 | Reset              | Active High |               1.00 |             0.4 | design_1_i/system_ila_0/inst/ila_lib/inst/ila_core_inst/u_ila_regs/MU_SRL[32].mu_srl_reg/cnt[3]_i_1_n_0                                                                                                                                                  |
| Low              | Excessive Set/Reset/Preset/Clear |      4 | Reset              | Active High |               1.00 |             0.4 | design_1_i/system_ila_0/inst/ila_lib/inst/ila_core_inst/u_ila_regs/MU_SRL[33].mu_srl_reg/cnt[3]_i_1_n_0                                                                                                                                                  |
| Low              | Excessive Set/Reset/Preset/Clear |      4 | Reset              | Active High |               1.00 |             0.4 | design_1_i/system_ila_0/inst/ila_lib/inst/ila_core_inst/u_ila_regs/MU_SRL[34].mu_srl_reg/cnt[3]_i_1_n_0                                                                                                                                                  |
| Low              | Excessive Set/Reset/Preset/Clear |      4 | Reset              | Active High |               1.00 |             0.4 | design_1_i/system_ila_0/inst/ila_lib/inst/ila_core_inst/u_ila_regs/MU_SRL[35].mu_srl_reg/cnt[3]_i_1_n_0                                                                                                                                                  |
| Low              | Excessive Set/Reset/Preset/Clear |      4 | Reset              | Active High |               1.00 |             0.4 | design_1_i/system_ila_0/inst/ila_lib/inst/ila_core_inst/u_ila_regs/MU_SRL[36].mu_srl_reg/cnt[3]_i_1_n_0                                                                                                                                                  |
| Low              | Excessive Set/Reset/Preset/Clear |      4 | Reset              | Active High |               1.00 |             0.4 | design_1_i/system_ila_0/inst/ila_lib/inst/ila_core_inst/u_ila_regs/MU_SRL[37].mu_srl_reg/cnt[3]_i_1_n_0                                                                                                                                                  |
| Low              | Excessive Set/Reset/Preset/Clear |      4 | Reset              | Active High |               1.00 |             0.4 | design_1_i/system_ila_0/inst/ila_lib/inst/ila_core_inst/u_ila_regs/MU_SRL[38].mu_srl_reg/cnt[3]_i_1_n_0                                                                                                                                                  |
| Low              | Excessive Set/Reset/Preset/Clear |      4 | Reset              | Active High |               1.00 |             0.4 | design_1_i/system_ila_0/inst/ila_lib/inst/ila_core_inst/u_ila_regs/MU_SRL[39].mu_srl_reg/cnt[3]_i_1_n_0                                                                                                                                                  |
| Low              | Excessive Set/Reset/Preset/Clear |      4 | Reset              | Active High |               1.00 |             0.4 | design_1_i/system_ila_0/inst/ila_lib/inst/ila_core_inst/u_ila_regs/MU_SRL[3].mu_srl_reg/cnt[3]_i_1_n_0                                                                                                                                                   |
| Low              | Excessive Set/Reset/Preset/Clear |      4 | Reset              | Active High |               1.00 |             0.4 | design_1_i/system_ila_0/inst/ila_lib/inst/ila_core_inst/u_ila_regs/MU_SRL[40].mu_srl_reg/cnt[3]_i_1_n_0                                                                                                                                                  |
| Low              | Excessive Set/Reset/Preset/Clear |      4 | Reset              | Active High |               1.00 |             0.4 | design_1_i/system_ila_0/inst/ila_lib/inst/ila_core_inst/u_ila_regs/MU_SRL[41].mu_srl_reg/cnt[3]_i_1_n_0                                                                                                                                                  |
| Low              | Excessive Set/Reset/Preset/Clear |      4 | Reset              | Active High |               1.00 |             0.4 | design_1_i/system_ila_0/inst/ila_lib/inst/ila_core_inst/u_ila_regs/MU_SRL[42].mu_srl_reg/cnt[3]_i_1_n_0                                                                                                                                                  |
| Low              | Excessive Set/Reset/Preset/Clear |      4 | Reset              | Active High |               1.00 |             0.4 | design_1_i/system_ila_0/inst/ila_lib/inst/ila_core_inst/u_ila_regs/MU_SRL[43].mu_srl_reg/cnt[3]_i_1_n_0                                                                                                                                                  |
| Low              | Excessive Set/Reset/Preset/Clear |      4 | Reset              | Active High |               1.00 |             0.4 | design_1_i/system_ila_0/inst/ila_lib/inst/ila_core_inst/u_ila_regs/MU_SRL[44].mu_srl_reg/cnt[3]_i_1_n_0                                                                                                                                                  |
| Low              | Excessive Set/Reset/Preset/Clear |      4 | Reset              | Active High |               1.00 |             0.4 | design_1_i/system_ila_0/inst/ila_lib/inst/ila_core_inst/u_ila_regs/MU_SRL[45].mu_srl_reg/cnt[3]_i_1_n_0                                                                                                                                                  |
| Low              | Excessive Set/Reset/Preset/Clear |      4 | Reset              | Active High |               1.00 |             0.4 | design_1_i/system_ila_0/inst/ila_lib/inst/ila_core_inst/u_ila_regs/MU_SRL[46].mu_srl_reg/cnt[3]_i_1_n_0                                                                                                                                                  |
| Low              | Excessive Set/Reset/Preset/Clear |      4 | Reset              | Active High |               1.00 |             0.4 | design_1_i/system_ila_0/inst/ila_lib/inst/ila_core_inst/u_ila_regs/MU_SRL[47].mu_srl_reg/cnt[3]_i_1_n_0                                                                                                                                                  |
| Low              | Excessive Set/Reset/Preset/Clear |      4 | Reset              | Active High |               1.00 |             0.4 | design_1_i/system_ila_0/inst/ila_lib/inst/ila_core_inst/u_ila_regs/MU_SRL[48].mu_srl_reg/cnt[3]_i_1_n_0                                                                                                                                                  |
| Low              | Excessive Set/Reset/Preset/Clear |      4 | Reset              | Active High |               1.00 |             0.4 | design_1_i/system_ila_0/inst/ila_lib/inst/ila_core_inst/u_ila_regs/MU_SRL[49].mu_srl_reg/cnt[3]_i_1_n_0                                                                                                                                                  |
| Low              | Excessive Set/Reset/Preset/Clear |      4 | Reset              | Active High |               1.00 |             0.4 | design_1_i/system_ila_0/inst/ila_lib/inst/ila_core_inst/u_ila_regs/MU_SRL[4].mu_srl_reg/cnt[3]_i_1_n_0                                                                                                                                                   |
| Low              | Excessive Set/Reset/Preset/Clear |      4 | Reset              | Active High |               1.00 |             0.4 | design_1_i/system_ila_0/inst/ila_lib/inst/ila_core_inst/u_ila_regs/MU_SRL[5].mu_srl_reg/cnt[3]_i_1_n_0                                                                                                                                                   |
| Low              | Excessive Set/Reset/Preset/Clear |      4 | Reset              | Active High |               1.00 |             0.4 | design_1_i/system_ila_0/inst/ila_lib/inst/ila_core_inst/u_ila_regs/MU_SRL[6].mu_srl_reg/cnt[3]_i_1_n_0                                                                                                                                                   |
| Low              | Excessive Set/Reset/Preset/Clear |      4 | Reset              | Active High |               1.00 |             0.4 | design_1_i/system_ila_0/inst/ila_lib/inst/ila_core_inst/u_ila_regs/MU_SRL[7].mu_srl_reg/cnt[3]_i_1_n_0                                                                                                                                                   |
| Low              | Excessive Set/Reset/Preset/Clear |      4 | Reset              | Active High |               1.00 |             0.4 | design_1_i/system_ila_0/inst/ila_lib/inst/ila_core_inst/u_ila_regs/MU_SRL[8].mu_srl_reg/cnt[3]_i_1_n_0                                                                                                                                                   |
| Low              | Excessive Set/Reset/Preset/Clear |      4 | Reset              | Active High |               1.00 |             0.4 | design_1_i/system_ila_0/inst/ila_lib/inst/ila_core_inst/u_ila_regs/MU_SRL[9].mu_srl_reg/cnt[3]_i_1_n_0                                                                                                                                                   |
| Low              | Excessive Set/Reset/Preset/Clear |      4 | Reset              | Active High |               1.00 |             0.4 | design_1_i/system_ila_0/inst/ila_lib/inst/ila_core_inst/u_ila_regs/TC_SRL[0].tc_srl_reg/cnt[3]_i_1_n_0                                                                                                                                                   |
| Low              | Excessive Set/Reset/Preset/Clear |      4 | Reset              | Active High |               0.27 |             1.4 | design_1_i/system_ila_0/inst/ila_lib/inst/ila_core_inst/u_ila_regs/drdyCount[5]_i_1_n_0                                                                                                                                                                  |
| Low              |                                  |      4 |                    | Active High |               0.00 |             0.0 | design_1_i/system_ila_0/inst/ila_lib/inst/ila_core_inst/u_ila_regs/drdy_ff9                                                                                                                                                                              |
| Low              |                                  |      4 |                    | Active High |               0.00 |             0.0 | design_1_i/system_ila_0/inst/ila_lib/inst/ila_core_inst/u_ila_regs/drdy_ffa                                                                                                                                                                              |
| Low              | Excessive Set/Reset/Preset/Clear |      4 | Reset              | Active High |               1.00 |             0.4 | design_1_i/system_ila_0/inst/ila_lib/inst/ila_core_inst/u_ila_regs/reg_srl_fff/cnt[3]_i_1_n_0                                                                                                                                                            |
| Low              |                                  |      3 |                    | Active High |               0.00 |             0.0 | dbg_hub/inst/BSCANID.u_xsdbm_id/CORE_XSDB.UUT_MASTER/U_ICON_INTERFACE/U_CMD3/icn_cmd_en_temp                                                                                                                                                             |
| Low              | Excessive Set/Reset/Preset/Clear |      3 | Preset             | Active High |               1.00 |             0.0 | dbg_hub/inst/BSCANID.u_xsdbm_id/CORE_XSDB.UUT_MASTER/U_ICON_INTERFACE/U_CMD6_RD/U_RD_FIFO/SUBCORE_FIFO.xsdbm_v3_0_3_rdfifo_inst/inst_fifo_gen/gconvfifo.rf/grf.rf/rstblk/ngwrdrst.grst.g7serrst.gwrrd_rst_sync_stage[2].rrst_inst/AS[0]                  |
| Low              | Excessive Set/Reset/Preset/Clear |      3 | Preset             | Active High |               1.00 |             0.0 | dbg_hub/inst/BSCANID.u_xsdbm_id/CORE_XSDB.UUT_MASTER/U_ICON_INTERFACE/U_CMD6_WR/U_WR_FIFO/SUBCORE_FIFO.xsdbm_v3_0_3_wrfifo_inst/inst_fifo_gen/gconvfifo.rf/grf.rf/rstblk/ngwrdrst.grst.g7serrst.gwrrd_rst_sync_stage[2].wrst_inst/AS[0]                  |
| Low              |                                  |      3 |                    | Active High |               0.00 |             0.0 | dbg_hub/inst/BSCANID.u_xsdbm_id/CORE_XSDB.UUT_MASTER/U_ICON_INTERFACE/U_CMD7_CTL/icn_cmd_en_temp                                                                                                                                                         |
| Low              |                                  |      3 |                    | Active High |               0.00 |             0.0 | dbg_hub/inst/BSCANID.u_xsdbm_id/CORE_XSDB.UUT_MASTER/U_ICON_INTERFACE/U_CMD7_STAT/icn_cmd_en_temp                                                                                                                                                        |
| Low              | Excessive Set/Reset/Preset/Clear |      3 | Reset              | Active High |               0.50 |             0.0 | design_1_i/system_ila_0/inst/ila_lib/inst/ila_core_inst/u_ila_cap_ctrl/u_cap_addrgen/U_CMPRESET/O                                                                                                                                                        |
| Low              |                                  |      2 |                    | Active High |               0.00 |             0.0 | dbg_hub/inst/BSCANID.u_xsdbm_id/CORE_XSDB.UUT_MASTER/U_ICON_INTERFACE/U_CMD1/icn_cmd_en_temp                                                                                                                                                             |
| Low              |                                  |      2 | BRAM Enable        | Active High |               0.02 |             4.7 | design_1_i/blk_mem_gen_0/U0/inst_blk_mem_gen/gnbram.gnative_mem_map_bmg.native_mem_map_blk_mem_gen/valid.cstr/ramloop[1].ram.r/prim_noinit.ram/ENA_I                                                                                                     |
| Medium           |                                  |    431 |                    | Active High |               0.55 |            13.4 | design_1_i/rv32i_pure_0/inst/rv32i_ultra_master_lite_v1_0_M00_AXI_inst/cpu_core_inst/ID_EX_ALUOp[2]_i_1_n_0                                                                                                                                              |
| Medium           |                                  |    128 |                    | Active High |               0.06 |             1.2 | design_1_i/AES_hardware_final_0/inst/aes_inst/aes_core_inst/next_state_reg                                                                                                                                                                               |
| Medium           |                                  |     64 |                    | Active High |               0.05 |            10.5 | design_1_i/rv32i_pure_0/inst/rv32i_ultra_master_lite_v1_0_M00_AXI_inst/cpu_core_inst/E[0]                                                                                                                                                                |
| Medium           |                                  |     34 |                    | Active High |               1.00 |             0.0 | dbg_hub/inst/BSCANID.u_xsdbm_id/SWITCH_N_EXT_BSCAN.id_state[1]_i_1_n_0                                                                                                                                                                                   |
| Medium           |                                  |     33 |                    | Active High |               1.00 |             0.0 | design_1_i/axi_interconnect_0/xbar/inst/gen_sasd.crossbar_sasd_0/addr_arbiter_inst/E[0]                                                                                                                                                                  |
| Medium           |                                  |     32 |                    | Active High |               1.00 |             0.0 | dbg_hub/inst/BSCANID.u_xsdbm_id/SWITCH_N_EXT_BSCAN.bscan_switch/bscanid[31]_i_1_n_0                                                                                                                                                                      |
| Medium           |                                  |     32 |                    | Active High |               1.00 |             0.0 | dbg_hub/inst/BSCANID.u_xsdbm_id/SWITCH_N_EXT_BSCAN.bscan_switch/temp_curid[28]_i_1_n_0                                                                                                                                                                   |
| Medium           |                                  |     32 |                    | Active High |               0.67 |            15.2 | design_1_i/axi_interconnect_0/xbar/inst/gen_sasd.crossbar_sasd_0/addr_arbiter_inst/p_0_in1_in                                                                                                                                                            |
| Medium           |                                  |     32 |                    | Active High |               1.00 |             0.0 | design_1_i/axi_interconnect_0/xbar/inst/gen_sasd.crossbar_sasd_0/reg_slice_r/aa_rready                                                                                                                                                                   |
| Medium           |                                  |     32 |                    | Active High |               0.51 |            14.6 | design_1_i/rv32i_pure_0/inst/rv32i_ultra_master_lite_v1_0_M00_AXI_inst/cpu_core_inst/PC0/p_0_in                                                                                                                                                          |
| Medium           |                                  |     32 |                    | Active High |               0.11 |             6.5 | design_1_i/rv32i_pure_0/inst/rv32i_ultra_master_lite_v1_0_M00_AXI_inst/cpu_core_inst/RF0/in_registers[1][31]_i_1_n_0                                                                                                                                     |
| Medium           |                                  |     32 |                    | Active High |               0.18 |             9.1 | design_1_i/rv32i_pure_0/inst/rv32i_ultra_master_lite_v1_0_M00_AXI_inst/cpu_core_inst/RF0/in_registers[4][31]_i_1_n_0                                                                                                                                     |
| Medium           |                                  |     32 |                    | Active High |               0.09 |             5.5 | design_1_i/rv32i_pure_0/inst/rv32i_ultra_master_lite_v1_0_M00_AXI_inst/cpu_core_inst/RF0/in_registers[5][31]_i_1_n_0                                                                                                                                     |
| Medium           |                                  |     32 |                    | Active High |               0.03 |             2.5 | design_1_i/rv32i_pure_0/inst/rv32i_ultra_master_lite_v1_0_M00_AXI_inst/cpu_core_inst/RF0/in_registers[8][31]_i_1_n_0                                                                                                                                     |
| Medium           |                                  |     28 |                    | Active High |               1.00 |             0.0 | dbg_hub/inst/BSCANID.u_xsdbm_id/CORE_XSDB.UUT_MASTER/U_ICON_INTERFACE/U_CMD4/ctl_reg[27]_i_1_n_0                                                                                                                                                         |
| Medium           |                                  |     18 |                    | Active High |               1.00 |             0.0 | dbg_hub/inst/BSCANID.u_xsdbm_id/CORE_XSDB.UUT_MASTER/U_ICON_INTERFACE/U_CMD5/ctl_reg[17]_i_1_n_0                                                                                                                                                         |
| Medium           |                                  |     11 | BRAM Enable        | Active High |               0.48 |             0.3 | design_1_i/system_ila_0/inst/ila_lib/inst/ila_core_inst/u_ila_cap_ctrl/u_cap_addrgen/CAP_WR_EN_O_reg_0                                                                                                                                                   |
| Medium           |                                  |     10 |                    | Active High |               0.50 |             0.0 | design_1_i/system_ila_0/inst/ila_lib/inst/ila_core_inst/u_ila_cap_ctrl/u_cap_addrgen/u_cap_sample_counter/U_SCE/O                                                                                                                                        |
| Medium           |                                  |     10 |                    | Active High |               0.50 |             0.0 | design_1_i/system_ila_0/inst/ila_lib/inst/ila_core_inst/u_ila_cap_ctrl/u_cap_addrgen/u_cap_window_counter/U_WCE/O                                                                                                                                        |
| Medium           |                                  |     10 |                    | Active High |               0.97 |             0.5 | design_1_i/system_ila_0/inst/ila_lib/inst/ila_core_inst/u_ila_reset_ctrl/E[0]                                                                                                                                                                            |
| Medium           |                                  |     10 |                    | Active High |               1.00 |             0.0 | design_1_i/system_ila_0/inst/ila_lib/inst/ila_core_inst/xsdb_memory_read_inst/read_addr0                                                                                                                                                                 |
| Medium           |                                  |      9 |                    | Active High |               1.00 |             0.4 | design_1_i/system_ila_0/inst/ila_lib/inst/ila_core_inst/u_ila_regs/sel                                                                                                                                                                                   |
| Medium           |                                  |      6 |                    | Active High |               0.50 |            12.5 | dbg_hub/inst/BSCANID.u_xsdbm_id/SWITCH_N_EXT_BSCAN.bscan_inst/SEL                                                                                                                                                                                        |
| Medium           |                                  |      5 |                    | Active High |               0.06 |             1.8 | design_1_i/AES_hardware_final_0/inst/aes_inst/aes_core_inst/next_round                                                                                                                                                                                   |
| Medium           |                                  |      5 |                    | Active High |               0.52 |            13.8 | design_1_i/rv32i_pure_0/inst/rv32i_ultra_master_lite_v1_0_M00_AXI_inst/cpu_core_inst/ID_EX_funct3[2]_i_1_n_0                                                                                                                                             |
| Medium           |                                  |      5 |                    | Active High |               1.00 |             0.0 | design_1_i/system_ila_0/inst/ila_lib/inst/ila_core_inst/xsdb_memory_read_inst/curr_read_block0                                                                                                                                                           |
| Medium           |                                  |      4 |                    | Active High |               1.00 |             0.0 | dbg_hub/inst/BSCANID.u_xsdbm_id/CORE_XSDB.UUT_MASTER/U_ICON_INTERFACE/U_CMD2/stat_reg_ld_temp_1                                                                                                                                                          |
| Medium           |                                  |      4 |                    | Active High |               0.92 |             7.0 | design_1_i/system_ila_0/inst/ila_lib/inst/ila_core_inst/u_ila_regs/drdyCount[5]_i_2_n_0                                                                                                                                                                  |
| Medium           |                                  |      3 |                    | Active High |               1.00 |             0.0 | dbg_hub/inst/BSCANID.u_xsdbm_id/CORE_XSDB.UUT_MASTER/U_ICON_INTERFACE/U_CMD3/stat_reg_ld_temp_1_reg_n_0                                                                                                                                                  |
| Medium           |                                  |      3 |                    | Active High |               1.00 |             0.0 | dbg_hub/inst/BSCANID.u_xsdbm_id/CORE_XSDB.UUT_MASTER/U_ICON_INTERFACE/U_CMD7_CTL/ctl_reg[2]_i_1_n_0                                                                                                                                                      |
| Medium           |                                  |      3 |                    | Active High |               1.00 |             0.0 | dbg_hub/inst/BSCANID.u_xsdbm_id/CORE_XSDB.UUT_MASTER/U_ICON_INTERFACE/U_CMD7_STAT/stat_reg_ld_temp_1_reg_n_0                                                                                                                                             |
| Medium           |                                  |      2 |                    | Active High |               1.00 |             0.0 | dbg_hub/inst/BSCANID.u_xsdbm_id/CORE_XSDB.UUT_MASTER/U_ICON_INTERFACE/U_CMD1/ctl_reg[1]_i_1_n_0                                                                                                                                                          |
| Medium           |                                  |      2 |                    | Active High |               1.00 |             0.0 | dbg_hub/inst/BSCANID.u_xsdbm_id/SWITCH_N_EXT_BSCAN.bscan_switch/id_state[1]_i_1_n_0                                                                                                                                                                      |
| Medium           |                                  |      1 |                    | Active High |               0.04 |             4.6 | design_1_i/axi_bram_ctrl_0/U0/gext_inst.abcv4_0_ext_inst/GEN_AXI4.I_FULL_AXI/GEN_ARB.I_SNG_PORT/ADDR_SNG_PORT.sng_bram_addr_ld_en                                                                                                                        |
| Medium           |                                  |      1 |                    | Active High |               0.50 |             0.0 | design_1_i/system_ila_0/inst/ila_lib/inst/ila_core_inst/u_ila_cap_ctrl/u_cap_addrgen/u_cap_sample_counter/U_SCMPCE/O                                                                                                                                     |
| Medium           |                                  |      1 |                    | Active High |               0.50 |             0.0 | design_1_i/system_ila_0/inst/ila_lib/inst/ila_core_inst/u_ila_cap_ctrl/u_cap_addrgen/u_cap_window_counter/U_WHCMPCE/O                                                                                                                                    |
| Medium           |                                  |      1 |                    | Active High |               0.50 |             0.0 | design_1_i/system_ila_0/inst/ila_lib/inst/ila_core_inst/u_ila_cap_ctrl/u_cap_addrgen/u_cap_window_counter/U_WLCMPCE/O                                                                                                                                    |
| High             |                                  |    992 | Clear              | Active High |               0.00 |             0.0 | design_1_i/rv32i_pure_0/inst/rv32i_ultra_master_lite_v1_0_M00_AXI_inst/cpu_core_inst/RF0/in_registers[0][31]_i_2_n_0                                                                                                                                     |
| High             |                                  |    836 | Reset/Preset/Clear | Active High |               0.00 |             0.0 | design_1_i/AES_hardware_final_0/inst/p_0_in                                                                                                                                                                                                              |
| High             |                                  |    607 | Reset/Clear        | Active High |               0.00 |             0.0 | design_1_i/rv32i_pure_0/inst/rv32i_ultra_master_lite_v1_0_M00_AXI_inst/cpu_core_inst/ACTIVE_LOW_PR_OUT_DFF[0].FDRE_PER_N                                                                                                                                 |
| High             |                                  |    173 | Reset/Preset/Clear | Active High |               0.00 |             0.0 | dbg_hub/inst/BSCANID.u_xsdbm_id/CORE_XSDB.UUT_MASTER/U_ICON_INTERFACE/U_CMD1/ctl_reg[0]                                                                                                                                                                  |
| High             |                                  |    134 | Reset              | Active High |               0.03 |             0.5 | design_1_i/system_ila_0/inst/ila_lib/inst/ila_core_inst/u_ila_reset_ctrl/Q[0]                                                                                                                                                                            |
| High             |                                  |     75 | Set/Reset          | Active High |               0.00 |             0.0 | dbg_hub/inst/BSCANID.u_xsdbm_id/SWITCH_N_EXT_BSCAN.bscan_inst/RESET                                                                                                                                                                                      |
| High             |                                  |     71 | Reset/Set          | Active High |               0.00 |             0.0 | design_1_i/axi_bram_ctrl_0/U0/gext_inst.abcv4_0_ext_inst/GEN_AXI4.I_FULL_AXI/I_RD_CHNL/SR[0]                                                                                                                                                             |
| High             |                                  |     57 | Reset/Set          | Active High |               0.00 |             0.0 | design_1_i/axi_uartlite_0/U0/UARTLITE_CORE_I/UARTLITE_RX_I/ACTIVE_LOW_PR_OUT_DFF[0].FDRE_PER_N                                                                                                                                                           |
| High             |                                  |     45 | Reset              | Active High |               0.00 |             0.0 | design_1_i/axi_interconnect_0/xbar/inst/gen_sasd.crossbar_sasd_0/addr_arbiter_inst/SR[0]                                                                                                                                                                 |
| High             |                                  |     32 | Reset              | Active High |               0.00 |             0.0 | dbg_hub/inst/BSCANID.u_xsdbm_id/SWITCH_N_EXT_BSCAN.bscan_switch/shiftreg[31]_i_1_n_0                                                                                                                                                                     |
| High             |                                  |     32 | Reset              | Active High |               0.00 |             0.0 | design_1_i/axi_bram_ctrl_0/U0/gext_inst.abcv4_0_ext_inst/GEN_AXI4.I_FULL_AXI/I_RD_CHNL/GEN_NO_RD_CMD_OPT.GEN_RDATA_NO_ECC.GEN_RDATA_NO_RL_NO_ECC.GEN_RDATA[31].axi_rdata_int[31]_i_1_n_0                                                                 |
| High             |                                  |     32 | Clear              | Active High |               0.00 |             0.0 | design_1_i/rv32i_pure_0/inst/rv32i_ultra_master_lite_v1_0_M00_AXI_inst/cpu_core_inst/PC0/pc_reg[31]_i_3_n_0                                                                                                                                              |
| High             |                                  |     20 | Preset/Clear       | Active High |               0.00 |             0.0 | dbg_hub/inst/BSCANID.u_xsdbm_id/CORE_XSDB.UUT_MASTER/U_ICON_INTERFACE/rddata_rst                                                                                                                                                                         |
| High             |                                  |     20 | Preset/Clear       | Active High |               0.00 |             0.0 | dbg_hub/inst/BSCANID.u_xsdbm_id/CORE_XSDB.UUT_MASTER/U_ICON_INTERFACE/wrdata_rst                                                                                                                                                                         |
| High             |                                  |     18 | Clear              | Active High |               0.00 |             0.0 | dbg_hub/inst/BSCANID.u_xsdbm_id/CORE_XSDB.UUT_MASTER/U_ICON_INTERFACE/U_CMD6_RD/U_RD_FIFO/SUBCORE_FIFO.xsdbm_v3_0_3_rdfifo_inst/inst_fifo_gen/gconvfifo.rf/grf.rf/rstblk/ngwrdrst.grst.wr_rst_reg[0]                                                     |
| High             |                                  |     18 | Reset/Set          | Active High |               0.00 |             0.0 | design_1_i/axi_uartlite_0/U0/AXI_LITE_IPIF_I/I_SLAVE_ATTACHMENT/rst                                                                                                                                                                                      |
| High             |                                  |     17 | Reset/Set          | Active High |               0.00 |             0.0 | dbg_hub/inst/BSCANID.u_xsdbm_id/CORE_XSDB.UUT_MASTER/U_XSDB_BUS_CONTROLLER/sl_iport0_o[0]                                                                                                                                                                |
| High             |                                  |     16 | Clear              | Active High |               0.00 |             0.0 | dbg_hub/inst/BSCANID.u_xsdbm_id/CORE_XSDB.UUT_MASTER/U_ICON_INTERFACE/U_CMD6_WR/U_WR_FIFO/SUBCORE_FIFO.xsdbm_v3_0_3_wrfifo_inst/inst_fifo_gen/gconvfifo.rf/grf.rf/rstblk/ngwrdrst.grst.rd_rst_reg[1]                                                     |
| High             |                                  |     12 | Preset/Clear       | Active High |               0.00 |             0.0 | dbg_hub/inst/BSCANID.u_xsdbm_id/CORE_XSDB.UUT_MASTER/U_ICON_INTERFACE/U_CMD6_RD/U_RD_FIFO/SUBCORE_FIFO.xsdbm_v3_0_3_rdfifo_inst/inst_fifo_gen/gconvfifo.rf/grf.rf/rstblk/ngwrdrst.grst.wr_rst_reg[1]                                                     |
| High             |                                  |     11 | Reset              | Active High |               0.02 |             4.7 | design_1_i/axi_bram_ctrl_0/U0/gext_inst.abcv4_0_ext_inst/GEN_AXI4.I_FULL_AXI/I_WR_CHNL/aw_active_reg[0]                                                                                                                                                  |
| High             |                                  |     10 | Preset/Clear       | Active High |               0.00 |             0.0 | dbg_hub/inst/BSCANID.u_xsdbm_id/CORE_XSDB.UUT_MASTER/U_ICON_INTERFACE/U_CMD6_WR/U_WR_FIFO/SUBCORE_FIFO.xsdbm_v3_0_3_wrfifo_inst/inst_fifo_gen/gconvfifo.rf/grf.rf/rstblk/ngwrdrst.grst.rd_rst_reg[2]                                                     |
| High             |                                  |     10 | Reset              | Active High |               0.00 |             0.0 | design_1_i/system_ila_0/inst/ila_lib/inst/ila_core_inst/u_ila_regs/slaveRegDo_mux_0[15]_i_1_n_0                                                                                                                                                          |
| High             |                                  |      7 | Reset              | Active High |               0.00 |             0.0 | design_1_i/axi_uartlite_0/U0/UARTLITE_CORE_I/UARTLITE_RX_I/SERIAL_TO_PARALLEL[8].fifo_din[8]_i_1_n_0                                                                                                                                                     |
| High             |                                  |      7 | Reset              | Active High |               0.00 |             0.0 | design_1_i/system_ila_0/inst/ila_lib/inst/ila_core_inst/u_ila_regs/count00                                                                                                                                                                               |
| High             |                                  |      7 | Reset              | Active High |               0.00 |             0.0 | design_1_i/system_ila_0/inst/ila_lib/inst/ila_core_inst/u_ila_regs/count10                                                                                                                                                                               |
| High             |                                  |      7 | Set/Reset          | Active High |               0.00 |             0.0 | design_1_i/system_ila_0/inst/ila_lib/inst/ila_core_inst/u_ila_regs/reg_15/I_EN_CTL_EQ1.U_CTL/s_do_o[0]                                                                                                                                                   |
| High             |                                  |      6 | Set/Reset          | Active High |               0.00 |             0.0 | design_1_i/axi_uartlite_0/U0/UARTLITE_CORE_I/UARTLITE_RX_I/SRL_FIFO_I/I_SRL_FIFO_RBU_F/CNTR_INCR_DECR_ADDN_F_I/SS[0]                                                                                                                                     |
| High             |                                  |      6 | Set/Reset          | Active High |               0.00 |             0.0 | design_1_i/axi_uartlite_0/U0/UARTLITE_CORE_I/UARTLITE_TX_I/SRL_FIFO_I/I_SRL_FIFO_RBU_F/CNTR_INCR_DECR_ADDN_F_I/SS[0]                                                                                                                                     |
| High             |                                  |      6 | Reset              | Active High |               0.00 |             0.0 | design_1_i/proc_sys_reset_0/U0/SEQ/SEQ_COUNTER/clear                                                                                                                                                                                                     |
| High             |                                  |      6 | Set                | Active High |               0.02 |             0.0 | design_1_i/system_ila_0/inst/ila_lib/inst/ila_core_inst/u_ila_reset_ctrl/reset_out[5]_i_1_n_0                                                                                                                                                            |
| High             |                                  |      4 | Reset              | Active High |               0.00 |             0.0 | design_1_i/axi_uartlite_0/U0/AXI_LITE_IPIF_I/I_SLAVE_ATTACHMENT/I_DECODER/cs_ce_clr                                                                                                                                                                      |
| High             |                                  |      4 | Set/Reset          | Active High |               0.00 |             0.0 | design_1_i/proc_sys_reset_0/U0/EXT_LPF/lpf_int                                                                                                                                                                                                           |
| High             |                                  |      4 | Reset              | Active High |               0.00 |             0.0 | design_1_i/system_ila_0/inst/g_inst/inst/SLOT_0.inst_slot0/AXI4_NO_ID.write_ptr[1]_i_1_n_0                                                                                                                                                               |
| High             |                                  |      4 | Reset              | Active High |               0.00 |             0.0 | design_1_i/system_ila_0/inst/g_inst/inst/SLOT_1.inst_slot0/AXI4LITE.write_ptr[1]_i_1_n_0                                                                                                                                                                 |
| High             |                                  |      4 | Set                | Active High |               0.02 |             0.0 | design_1_i/system_ila_0/inst/ila_lib/inst/ila_core_inst/u_ila_regs/shift_reg00                                                                                                                                                                           |
| High             |                                  |      4 | Set                | Active High |               0.02 |             0.0 | design_1_i/system_ila_0/inst/ila_lib/inst/ila_core_inst/u_ila_regs/shift_reg10                                                                                                                                                                           |
| High             |                                  |      3 | Preset             | Active High |               0.00 |             0.0 | dbg_hub/inst/BSCANID.u_xsdbm_id/CORE_XSDB.UUT_MASTER/U_ICON_INTERFACE/U_CMD6_RD/U_RD_FIFO/SUBCORE_FIFO.xsdbm_v3_0_3_rdfifo_inst/inst_fifo_gen/gconvfifo.rf/grf.rf/rstblk/ngwrdrst.grst.g7serrst.gwrrd_rst_sync_stage[2].wrst_inst/AS[0]                  |
| High             |                                  |      3 | Preset             | Active High |               0.00 |             0.0 | dbg_hub/inst/BSCANID.u_xsdbm_id/CORE_XSDB.UUT_MASTER/U_ICON_INTERFACE/U_CMD6_WR/U_WR_FIFO/SUBCORE_FIFO.xsdbm_v3_0_3_wrfifo_inst/inst_fifo_gen/gconvfifo.rf/grf.rf/rstblk/ngwrdrst.grst.g7serrst.gwrrd_rst_sync_stage[2].rrst_inst/AS[0]                  |
| High             |                                  |      2 | Reset              | Active High |               0.03 |             0.5 | design_1_i/system_ila_0/inst/ila_lib/inst/ila_core_inst/u_ila_reset_ctrl/Q[2]                                                                                                                                                                            |
| High             |                                  |      1 | Preset             | Active High |               0.00 |             0.0 | dbg_hub/inst/BSCANID.u_xsdbm_id/CORE_XSDB.UUT_MASTER/U_ICON_INTERFACE/U_CMD6_RD/U_RD_FIFO/SUBCORE_FIFO.xsdbm_v3_0_3_rdfifo_inst/inst_fifo_gen/gconvfifo.rf/grf.rf/rstblk/ngwrdrst.grst.rst_rd_reg2                                                       |
| High             |                                  |      1 | Preset             | Active High |               0.00 |             0.0 | dbg_hub/inst/BSCANID.u_xsdbm_id/CORE_XSDB.UUT_MASTER/U_ICON_INTERFACE/U_CMD6_RD/U_RD_FIFO/SUBCORE_FIFO.xsdbm_v3_0_3_rdfifo_inst/inst_fifo_gen/gconvfifo.rf/grf.rf/rstblk/ngwrdrst.rst_wr_reg2                                                            |
| High             |                                  |      1 | Preset             | Active High |               0.00 |             0.0 | dbg_hub/inst/BSCANID.u_xsdbm_id/CORE_XSDB.UUT_MASTER/U_ICON_INTERFACE/U_CMD6_WR/U_WR_FIFO/SUBCORE_FIFO.xsdbm_v3_0_3_wrfifo_inst/inst_fifo_gen/gconvfifo.rf/grf.rf/rstblk/ngwrdrst.grst.rst_rd_reg2                                                       |
| High             |                                  |      1 | Preset             | Active High |               0.00 |             0.0 | dbg_hub/inst/BSCANID.u_xsdbm_id/CORE_XSDB.UUT_MASTER/U_ICON_INTERFACE/U_CMD6_WR/U_WR_FIFO/SUBCORE_FIFO.xsdbm_v3_0_3_wrfifo_inst/inst_fifo_gen/gconvfifo.rf/grf.rf/rstblk/ngwrdrst.rst_wr_reg2                                                            |
| High             |                                  |      1 | Clear              | Active High |               0.00 |             0.0 | dbg_hub/inst/BSCANID.u_xsdbm_id/CORE_XSDB.UUT_MASTER/U_XSDB_BUS_CONTROLLER/clr_abort_rd                                                                                                                                                                  |
| High             |                                  |      1 | Clear              | Active High |               0.00 |             0.0 | dbg_hub/inst/BSCANID.u_xsdbm_id/CORE_XSDB.UUT_MASTER/U_XSDB_BUS_CONTROLLER/clr_rd_req                                                                                                                                                                    |
| High             |                                  |      1 | Clear              | Active High |               0.00 |             0.0 | reset_0_IBUF                                                                                                                                                                                                                                             |
+------------------+----------------------------------+--------+--------------------+-------------+--------------------+-----------------+----------------------------------------------------------------------------------------------------------------------------------------------------------------------------------------------------------------------------------------------------------+
* High:  No action required.  Calculated activity values are consistent with signal type and polarity.
** Medium:  Switching activity should be reviewed and corrected if necessary.  Calculated activity values may be inconsistent with signal type and polarity which can result in inaccurate power analysis.
*** Low: Switching activity must be reviewed and corrected to prevent incorrect power analysis. Calculated activity values are inappropriate for the signal type and polarity.


